gid;objectid;district_name;county_name;subcounty_name;pcode_district;subcounty_name_alternative;pcode_subcounty
7487;9769;AGAGO;AGAGO;OMIYA PACWA;21UGA001001;;21UGA00100110
1735;3158;AGAGO;AGAGO;PATONGO;21UGA001001;;21UGA00100114
1169;2093;AGAGO;AGAGO;ARUM;21UGA001001;;21UGA00100103
758;2591;AGAGO;AGAGO;LUKOLE;21UGA001001;;21UGA00100109
1320;3061;AGAGO;AGAGO;LAPONO;21UGA001001;;21UGA00100107
7116;3208;AGAGO;AGAGO;WOL;21UGA001001;;21UGA00100116
536;2518;AGAGO;AGAGO;LAMIYO;21UGA001001;;21UGA00100106
578;2427;AGAGO;AGAGO;KOTOMOL;21UGA001001;;21UGA00100105
1940;2914;AGAGO;AGAGO;KALONGO TOWN COUNCIL;21UGA001001;;21UGA00100104
7486;9769;AGAGO;AGAGO;PARABONGO;21UGA001001;;21UGA00100113
856;3123;AGAGO;AGAGO;PATONGO TOWN COUNCIL;21UGA001001;;21UGA00100115
1088;9766;AGAGO;AGAGO;PAIMOL;21UGA001001;;21UGA00100112
6945;3050;AGAGO;AGAGO;OMOT;21UGA001001;;21UGA00100111
531;2370;AGAGO;AGAGO;LIRA PALWO;21UGA001001;;21UGA00100108
898;2723;AGAGO;AGAGO;ADILANG;21UGA001001;;21UGA00100101
1193;2491;AGAGO;AGAGO;AGAGO TOWN COUNCIL;21UGA001001;;21UGA00100102
11;1917;AMURU;KILAK;LAMOGI;21UGA001002;;21UGA00100204
75;1968;AMURU;KILAK;ATIAAK;21UGA001002;Attiak;21UGA00100203
6974;3075;AMURU;KILAK;AMURU TOWN COUNCIL;21UGA001002;;21UGA00100202
1166;2932;AMURU;KILAK;AMURU;21UGA001002;;21UGA00100201
116;2993;AMURU;KILAK;PABBO;21UGA001002;Pabo;21UGA00100205
635;2008;GULU;GULU MUNICIPALITY;BAR-DEGE;21UGA001003;Bar Dege Division;21UGA00100302
375;1960;GULU;ASWA;UNYAMA;21UGA001003;;21UGA00100310
3155;3066;GULU;GULU MUNICIPALITY;LAYIBI;21UGA001003;Layibi Division;21UGA00100305
787;2634;GULU;GULU MUNICIPALITY;PECE;21UGA001003;Pece Division;21UGA00100309
1973;2023;GULU;GULU MUNICIPALITY;LAROO;21UGA001003;Laroo Division;21UGA00100304
2819;2781;GULU;ASWA;PAICHO;21UGA001003;;21UGA00100306
878;2710;GULU;ASWA;AWACH;21UGA001003;;21UGA00100301
2161;546;GULU;ASWA;PALARO;21UGA001003;;21UGA00100307
951;2761;GULU;ASWA;BUNGATIRA;21UGA001003;;21UGA00100303
363;2228;GULU;ASWA;PATIKO;21UGA001003;;21UGA00100308
844;2044;KITGUM;CHUA;OROM;21UGA001004;;21UGA00100410
959;2775;KITGUM;CHUA;KITIGUM MATIDI;21UGA001004;;21UGA00100402
4966;2978;KITGUM;CHUA;OMIYA ANYIMA;21UGA001004;;21UGA00100409
1782;3441;KITGUM;CHUA;LABONGO AMIDA;21UGA001004;;21UGA00100404
359;2223;KITGUM;KITGUM MUNICIPALITY;PAGER DIVISION;21UGA001004;;21UGA00100411
2752;2715;KITGUM;KITGUM MUNICIPALITY;PANDWONG DIVISION;21UGA001004;;21UGA00100412
1187;2952;KITGUM;CHUA;MUCWINI;21UGA001004;;21UGA00100407
2169;553;KITGUM;CHUA;LABONGO AKWANG;21UGA001004;;21UGA00100403
34;1932;KITGUM;CHUA;NAMOKORA;21UGA001004;;21UGA00100408
86;1975;KITGUM;KITGUM MUNICIPALITY;CENTRAL DIVISION;21UGA001004;;21UGA00100401
1876;1947;KITGUM;CHUA;LABONGO LAYAMO;21UGA001004;;21UGA00100405
281;2172;KITGUM;CHUA;LAGORO;21UGA001004;;21UGA00100406
7355;2068;LAMWO;LAMWO;PADIBE TOWN COUNCIL;21UGA001005;;21UGA00100506
762;3411;LAMWO;LAMWO;LAMWO TOWN COUNCIL;21UGA001005;;21UGA00100502
1133;3089;LAMWO;LAMWO;PALABEK KAL;21UGA001005;;21UGA00100509
6872;2987;LAMWO;LAMWO;PALABEK OGILI;21UGA001005;;21UGA00100510
955;2767;LAMWO;LAMWO;LOKUNG;21UGA001005;;21UGA00100503
1832;3492;LAMWO;LAMWO;AGORO;21UGA001005;;21UGA00100501
6790;2903;LAMWO;LAMWO;PALABEK GEM;21UGA001005;;21UGA00100508
2836;2797;LAMWO;LAMWO;MADI OPEI;21UGA001005;;21UGA00100504
1632;3341;LAMWO;LAMWO;PALOGA;21UGA001005;;21UGA00100511
1833;3493;LAMWO;LAMWO;PADIBE EAST;21UGA001005;;21UGA00100505
167;2058;LAMWO;LAMWO;PADIBE WEST;21UGA001005;;21UGA00100507
545;2385;NWOYA;NWOYA;ALERO;21UGA001006;;21UGA00100601
628;2471;NWOYA;NWOYA;ANAKA TOWN COUNCIL;21UGA001006;;21UGA00100603
799;2649;NWOYA;NWOYA;KOCH GOMA;21UGA001006;Koch-Goma;21UGA00100604
1087;2854;NWOYA;NWOYA;PURONGO;21UGA001006;;21UGA00100605
4250;3275;NWOYA;NWOYA;ANAKA;21UGA001006;Anaka Payira;21UGA00100602
1375;3102;OMORO;OMORO;ONGAKO;21UGA001007;;21UGA00100707
2655;2624;OMORO;OMORO;LAKWANA;21UGA001007;;21UGA00100703
711;776;OMORO;OMORO;KORO;21UGA001007;;21UGA00100702
297;2192;OMORO;OMORO;BOBI;21UGA001007;;21UGA00100701
3654;3355;OMORO;OMORO;ODEK;21UGA001007;;21UGA00100705
513;2513;OMORO;OMORO;LALOGI;21UGA001007;;21UGA00100704
1085;3034;OMORO;OMORO;OMORO TOWN COUNCIL;21UGA001007;;21UGA00100706
447;2320;PADER;ARUU;PURANGA;21UGA001008;;21UGA00100812
2970;2340;PADER;ARUU;ATANGA;21UGA001008;;21UGA00100803
2523;2509;PADER;ARUU;ANGANGURA;21UGA001008;Angagura;21UGA00100802
1188;2953;PADER;ARUU;LAPUL;21UGA001008;;21UGA00100806
3916;2125;PADER;ARUU;PAJULE;21UGA001008;;21UGA00100811
6735;2851;PADER;ARUU;LATANYA;21UGA001008;;21UGA00100807
3390;2754;PADER;ARUU;PADER TOWN COUNCIL;21UGA001008;;21UGA00100810
1738;3402;PADER;ARUU;LAGUTI;21UGA001008;;21UGA00100805
4848;2879;PADER;ARUU;PADER;21UGA001008;;21UGA00100809
7121;3214;PADER;ARUU;ACHOLI BUR;21UGA001008;Acholibur;21UGA00100801
2699;2670;PADER;ARUU;OGOM;21UGA001008;;21UGA00100808
5253;3233;PADER;ARUU;AWERE;21UGA001008;;21UGA00100804
401;3945;BUHWEJU;BUHWEJU;BITSYA;21UGA002001;;21UGA00200102
314;3840;BUHWEJU;BUHWEJU;BURERE;21UGA002001;;21UGA00200103
260;9771;BUHWEJU;BUHWEJU;BIHANGA;21UGA002001;;21UGA00200101
1190;4709;BUHWEJU;BUHWEJU;RWENGWE;21UGA002001;;21UGA00200108
2468;4206;BUHWEJU;BUHWEJU;NSIIKA TOWN COUNCIL;21UGA002001;;21UGA00200106
3823;3653;BUHWEJU;BUHWEJU;KARUNGU;21UGA002001;;21UGA00200105
505;4048;BUHWEJU;BUHWEJU;NYAKISHANA;21UGA002001;;21UGA00200107
446;3995;BUHWEJU;BUHWEJU;ENGAJU;21UGA002001;;21UGA00200104
1769;5293;BUSHENYI;IGARA;KYAMUHUNGA TOWN COUNCIL;21UGA002002;;21UGA00200209
6917;5276;BUSHENYI;IGARA;BITOOMA;21UGA002002;;21UGA00200201
280;4223;BUSHENYI;IGARA;KYABUGIMBI;21UGA002002;;21UGA00200207
7383;3955;BUSHENYI;BUSHENYI-ISHAKA MUNICIPALITY;NYAKABIRIZI DIVISION;21UGA002002;;21UGA00200212
1934;3612;BUSHENYI;IGARA;BUMBAIRE;21UGA002002;;21UGA00200202
310;3831;BUSHENYI;IGARA;RUHUMURO;21UGA002002;;21UGA00200213
1035;4596;BUSHENYI;BUSHENYI-ISHAKA MUNICIPALITY;CENTRAL DIVISION;21UGA002002;Central Divison;21UGA00200203
487;4031;BUSHENYI;IGARA;KAKANJU;21UGA002002;;21UGA00200206
140;3655;BUSHENYI;IGARA;IBAARE;21UGA002002;;21UGA00200204
335;3618;BUSHENYI;IGARA;NYABUBAARE;21UGA002002;Nyabubare;21UGA00200211
164;4142;BUSHENYI;IGARA;KYAMUHUNGA;21UGA002002;;21UGA00200208
1047;4613;BUSHENYI;BUSHENYI-ISHAKA MUNICIPALITY;ISHAKA DIVISION;21UGA002002;Ishaka Divison;21UGA00200205
933;4484;BUSHENYI;IGARA;KYEIZOOBA;21UGA002002;;21UGA00200210
2899;4619;IBANDA;IBANDA;KEIHANGARA;21UGA002003;;21UGA00200307
630;4210;IBANDA;IBANDA;NYAMAREBE;21UGA002003;;21UGA00200311
5648;4558;IBANDA;IBANDA;RUSHANGO TOWN COUNCIL;21UGA002003;;21UGA00200313
3282;4978;IBANDA;IBANDA;IGORORA TOWN COUNCIL;21UGA002003;;21UGA00200303
7178;5057;IBANDA;IBANDA;ISHONGORORO TOWN COUNCIL;21UGA002003;;21UGA00200305
559;4115;IBANDA;IBANDA;KICUZI;21UGA002003;;21UGA00200308
780;816;IBANDA;IBANDA;ISHONGORORO;21UGA002003;;21UGA00200304
2376;4104;IBANDA;IBANDA;KIKYENKYE;21UGA002003;;21UGA00200310
827;831;IBANDA;IBANDA MUNICIPALITY;BISHESHE DIVISION;21UGA002003;Bisheshe;21UGA00200301
672;4257;IBANDA;IBANDA MUNICIPALITY;BUFUNDA DIVISION;21UGA002003;;21UGA00200302
427;3583;IBANDA;IBANDA MUNICIPALITY;KAGANGO DIVISION;21UGA002003;;21UGA00200306
7446;5339;IBANDA;IBANDA;KIJONGO;21UGA002003;;21UGA00200309
2097;5050;IBANDA;IBANDA;RUKIRI;21UGA002003;;21UGA00200312
251;9644;ISINGIRO;BUKANGA;RUGAAGA;21UGA002004;;21UGA00200418
257;9621;ISINGIRO;ISINGIRO;KABINGO;21UGA002004;;21UGA00200406
55;3555;ISINGIRO;ISINGIRO;KABUYANDA TOWN COUNCIL;21UGA002004;;21UGA00200408
664;4918;ISINGIRO;ISINGIRO;KABEREBERE TOWN COUNCIL;21UGA002004;;21UGA00200405
288;9634;ISINGIRO;ISINGIRO;KIKAGATE;21UGA002004;;21UGA00200411
7334;5227;ISINGIRO;BUKANGA;KAKAMBA;21UGA002004;;21UGA00200409
218;9604;ISINGIRO;ISINGIRO;MASHA;21UGA002004;;21UGA00200412
6744;4648;ISINGIRO;BUKANGA;MBAARE;21UGA002004;Mbarara;21UGA00200413
3921;3752;ISINGIRO;BUKANGA;KASHUMBA;21UGA002004;;21UGA00200410
3077;4772;ISINGIRO;ISINGIRO;KABUYANDA;21UGA002004;;21UGA00200407
466;9600;ISINGIRO;ISINGIRO;ISINGIRO TOWN COUNCIL;21UGA002004;;21UGA00200404
153;3667;ISINGIRO;BUKANGA;ENDIINZI;21UGA002004;;21UGA00200402
728;9610;ISINGIRO;ISINGIRO;BIREERE;21UGA002004;BIRERE;21UGA00200401
3872;9615;ISINGIRO;ISINGIRO;NYAMUYANJA;21UGA002004;;21UGA00200416
643;9623;ISINGIRO;ISINGIRO;NYAKITUNDA;21UGA002004;;21UGA00200415
7410;5305;ISINGIRO;BUKANGA;ENDIINZI TOWN COUNCIL;21UGA002004;;21UGA00200403
6889;4946;ISINGIRO;ISINGIRO;RUBOROGOTA;21UGA002004;;21UGA00200417
1168;9597;ISINGIRO;BUKANGA;NGARAMA;21UGA002004;;21UGA00200414
1486;9649;ISINGIRO;BUKANGA;RUSHASHA;21UGA002004;;21UGA00200419
225;3738;KIRUHURA;KAZO;KAZO;21UGA002005;;21UGA00200507
1351;4876;KIRUHURA;NYABUSHOZI;KASHONGI;21UGA002005;;21UGA00200506
46;3510;KIRUHURA;NYABUSHOZI;KIKAATSI;21UGA002005;;21UGA00200510
1748;5273;KIRUHURA;KAZO;BURUNGA;21UGA002005;;21UGA00200502
684;4274;KIRUHURA;NYABUSHOZI;KITURA;21UGA002005;;21UGA00200513
30;9197;KIRUHURA;KAZO;BUREMBA;21UGA002005;;21UGA00200501
472;9201;KIRUHURA;KAZO;NKUNGU;21UGA002005;;21UGA00200514
5886;3829;KIRUHURA;NYABUSHOZI;SANGA;21UGA002005;;21UGA00200517
1764;5289;KIRUHURA;KAZO;ENGARI;21UGA002005;;21UGA00200503
6779;4660;KIRUHURA;NYABUSHOZI;KIRUHURA TOWN COUNCIL;21UGA002005;Kiruhura;21UGA00200512
675;4258;KIRUHURA;KAZO;KAZO TOWN COUNCIL;21UGA002005;;21UGA00200508
1065;4633;KIRUHURA;NYABUSHOZI;KINONI;21UGA002005;;21UGA00200511
4697;4503;KIRUHURA;NYABUSHOZI;NYAKASHASHARA;21UGA002005;;21UGA00200515
7141;5024;KIRUHURA;KAZO;RWEMIKOMA;21UGA002005;;21UGA00200516
2783;4485;KIRUHURA;NYABUSHOZI;SANGA TOWN COUNCIL;21UGA002005;;21UGA00200518
998;4550;KIRUHURA;NYABUSHOZI;KANYARYERU;21UGA002005;;21UGA00200505
891;4435;KIRUHURA;KAZO;KANONI;21UGA002005;;21UGA00200504
7272;5141;KIRUHURA;NYABUSHOZI;KENSHUNGA;21UGA002005;;21UGA00200509
523;4063;MBARARA;KASHARI;KAGONGI;21UGA002006;;21UGA00200605
2685;4386;MBARARA;MBARARA MUNICIPALITY;NYAKYOJO DIVISION;21UGA002006;Nyakayojo Division;21UGA00200612
259;3778;MBARARA;MBARARA MUNICIPALITY;KAKIIKA DIVISION;21UGA002006;;21UGA00200606
3672;5380;MBARARA;KASHARI;BUKIRO;21UGA002006;;21UGA00200604
4187;4059;MBARARA;MBARARA MUNICIPALITY;NYAMITANGA DIVISION;21UGA002006;;21UGA00200613
144;3660;MBARARA;RWAMPARA;RUGANDO;21UGA002006;;21UGA00200616
533;4074;MBARARA;MBARARA MUNICIPALITY;KAMUKUZI DIVISION;21UGA002006;;21UGA00200608
614;4184;MBARARA;RWAMPARA;NDAIJA;21UGA002006;;21UGA00200611
6947;4832;MBARARA;KASHARI;RUBAYA;21UGA002006;;21UGA00200614
1048;4614;MBARARA;MBARARA MUNICIPALITY;KAKOBA DIVISION;21UGA002006;;21UGA00200607
561;4116;MBARARA;KASHARI;RWANYAMAHEMBE;21UGA002006;;21UGA00200617
7217;3872;MBARARA;MBARARA MUNICIPALITY;BIHARWE DIVISION;21UGA002006;;21UGA00200601
591;4157;MBARARA;KASHARI;KASHARE;21UGA002006;;21UGA00200609
599;4165;MBARARA;KASHARI;BUBAARE;21UGA002006;;21UGA00200602
3271;4968;MBARARA;RWAMPARA;MWIZI;21UGA002006;;21UGA00200610
1825;5365;MBARARA;RWAMPARA;BUGAMBA;21UGA002006;;21UGA00200603
1623;5133;MBARARA;KASHARI;RUBINDI;21UGA002006;;21UGA00200615
5;3506;MITOOMA;RUHINDA;KIYANGA;21UGA002007;;21UGA00200707
1706;5223;MITOOMA;RUHINDA;MAYANGA;21UGA002007;;21UGA00200708
1502;5023;MITOOMA;RUHINDA;MITOOMA TOWN COUNCIL;21UGA002007;;21UGA00200710
399;3942;MITOOMA;RUHINDA;KANYABWANGA;21UGA002007;;21UGA00200703
262;5036;MITOOMA;RUHINDA;BITEREKO;21UGA002007;;21UGA00200701
169;3681;MITOOMA;RUHINDA;RUREHE;21UGA002007;;21UGA00200712
2141;3826;MITOOMA;RUHINDA;KASHENSHERO;21UGA002007;;21UGA00200704
152;3666;MITOOMA;RUHINDA;MITOOMA;21UGA002007;;21UGA00200709
12;3511;MITOOMA;RUHINDA;KASHENSHERO TOWN COUNCIL;21UGA002007;;21UGA00200705
887;4432;MITOOMA;RUHINDA;KATENGA;21UGA002007;;21UGA00200706
347;5008;MITOOMA;RUHINDA;MUTARA;21UGA002007;;21UGA00200711
568;4125;MITOOMA;RUHINDA;KABIRA;21UGA002007;;21UGA00200702
1327;4852;NTUNGAMO;RUHAAMA;RUKONI EAST;21UGA002008;;21UGA00200817
846;844;NTUNGAMO;RUHAAMA;NTUNGAMO;21UGA002008;;21UGA00200810
7073;3906;NTUNGAMO;NTUNGAMO MUNICIPALITY;WESTERN DIVISION;21UGA002008;;21UGA00200821
488;3598;NTUNGAMO;KAJARA;KIBATSI;21UGA002008;;21UGA00200807
7247;5106;NTUNGAMO;RUSHENYI;RUGARAMA;21UGA002008;;21UGA00200815
7357;5254;NTUNGAMO;RUHAAMA;NYAKYERA;21UGA002008;;21UGA00200812
2597;4445;NTUNGAMO;RUHAAMA;KITWE TOWN COUNCIL;21UGA002008;;21UGA00200808
1214;5375;NTUNGAMO;KAJARA;BWONGYERA;21UGA002008;;21UGA00200801
603;4168;NTUNGAMO;RUHAAMA;ITOJO;21UGA002008;;21UGA00200805
1399;4925;NTUNGAMO;RUSHENYI;NGOMA;21UGA002008;;21UGA00200809
1607;4005;NTUNGAMO;RUHAAMA;RWEIKINIRO;21UGA002008;;21UGA00200820
1113;653;NTUNGAMO;RUSHENYI;KAYONZA;21UGA002008;;21UGA00200806
1880;5165;NTUNGAMO;NTUNGAMO MUNICIPALITY;EASTERN DIVISION;21UGA002008;;21UGA00200803
4605;843;NTUNGAMO;RUHAAMA;RUKONI WEST;21UGA002008;;21UGA00200818
76;3594;NTUNGAMO;KAJARA;IHUNGA;21UGA002008;;21UGA00200804
586;3617;NTUNGAMO;RUSHENYI;RUBAARE TOWN COUNCIL;21UGA002008;;21UGA00200814
5131;3846;NTUNGAMO;NTUNGAMO MUNICIPALITY;CENTRAL DIVISION;21UGA002008;;21UGA00200802
450;3997;NTUNGAMO;RUHAAMA;RUHAAMA;21UGA002008;;21UGA00200816
495;4037;NTUNGAMO;KAJARA;NYABIHOKO;21UGA002008;;21UGA00200811
458;4002;NTUNGAMO;RUSHENYI;RUBAARE;21UGA002008;;21UGA00200813
1329;4854;NTUNGAMO;KAJARA;RWASHAMAIRE TOWN COUNCIL;21UGA002008;;21UGA00200819
1721;4199;RUBIRIZI;KATERERA;KATERERA;21UGA002009;;21UGA00200902
1045;4609;RUBIRIZI;BUNYARUGURU;KATUNGURU;21UGA002009;;21UGA00200904
528;4374;RUBIRIZI;KATERERA;KATANDA;21UGA002009;;21UGA00200901
7392;4169;RUBIRIZI;KATERERA;KIRUGU;21UGA002009;;21UGA00200906
940;4244;RUBIRIZI;KATERERA;KYABAKARA;21UGA002009;;21UGA00200907
6949;4134;RUBIRIZI;BUNYARUGURU;RYERU;21UGA002009;;21UGA00200911
208;4748;RUBIRIZI;BUNYARUGURU;RUTOTO;21UGA002009;;21UGA00200910
3313;4838;RUBIRIZI;KATERERA;KATERERA TOWN COUNCIL;21UGA002009;;21UGA00200903
1237;4757;RUBIRIZI;BUNYARUGURU;KICHWAMBA;21UGA002009;;21UGA00200905
819;4396;RUBIRIZI;BUNYARUGURU;RUBIRIZI TOWN COUNCIL;21UGA002009;Rubirizi Town Council;21UGA00200909
309;5320;RUBIRIZI;BUNYARUGURU;MAGAMBO;21UGA002009;;21UGA00200908
581;4146;SHEEMA;SHEEMA MUNICIPALITY;KASHOZI DIVISION;21UGA002010;Kashozi;21UGA00201007
173;3690;SHEEMA;SHEEMA;SHUUKU TOWN COUNCIL;21UGA002010;;21UGA00201014
7147;5034;SHEEMA;SHEEMA;MASHERUKA;21UGA002010;;21UGA00201011
1820;5354;SHEEMA;SHEEMA;KASAANA;21UGA002010;;21UGA00201006
2446;4188;SHEEMA;SHEEMA;KYANGYENYI;21UGA002010;;21UGA00201010
3923;3753;SHEEMA;SHEEMA;KAKINDO TOWN COUNCIL;21UGA002010;;21UGA00201005
50;3547;SHEEMA;SHEEMA MUNICIPALITY;CENTRAL DIVISION;21UGA002010;;21UGA00201002
292;3811;SHEEMA;SHEEMA MUNICIPALITY;KABWOHE DIVISION;21UGA002010;Kabwohe Itendero T.C;21UGA00201003
1309;4827;SHEEMA;SHEEMA;BUGONGI TOWN COUNCIL;21UGA002010;;21UGA00201001
939;3817;SHEEMA;SHEEMA;SHUUKU;21UGA002010;;21UGA00201013
7164;3973;SHEEMA;SHEEMA;KIGARAMA;21UGA002010;;21UGA00201008
45;3544;SHEEMA;SHEEMA MUNICIPALITY;KAGANGO DIVISION;21UGA002010;Kagango;21UGA00201004
2669;4376;SHEEMA;SHEEMA;KITAGATA;21UGA002010;;21UGA00201009
1297;3818;SHEEMA;SHEEMA;RUGARAMA;21UGA002010;;21UGA00201012
270;5423;BUDAKA;IKI-IKI;IKI-IKI;21UGA003001;;21UGA00300103
8;5400;BUDAKA;IKI-IKI;KATIIRA;21UGA003001;;21UGA00300109
1696;5431;BUDAKA;BUDAKA;KADERUNA;21UGA003001;;21UGA00300105
812;5407;BUDAKA;IKI-IKI;KAMONKOLI;21UGA003001;;21UGA00300108
3192;5434;BUDAKA;IKI-IKI;MUGITI;21UGA003001;;21UGA00300111
2808;5419;BUDAKA;BUDAKA;KACHOMO;21UGA003001;;21UGA00300104
2104;5402;BUDAKA;BUDAKA;NABOA;21UGA003001;;21UGA00300112
529;5406;BUDAKA;IKI-IKI;KAMERUKA;21UGA003001;;21UGA00300107
698;5412;BUDAKA;BUDAKA;BUDAKA;21UGA003001;;21UGA00300101
2977;5437;BUDAKA;BUDAKA;BUDAKA TOWN COUNCIL;21UGA003001;;21UGA00300102
267;5448;BUDAKA;BUDAKA;KAKULE;21UGA003001;;21UGA00300106
441;5427;BUDAKA;BUDAKA;NANSANGA;21UGA003001;;21UGA00300113
1791;5401;BUDAKA;BUDAKA;LYAMA;21UGA003001;;21UGA00300110
425;5920;BUSIA;BUSIA MUNICIPALITY;WESTERN DI;21UGA003002;;21UGA00300216
27;5823;BUSIA;SAMIA-BUGWE;BULUMBI;21UGA003002;;21UGA00300202
2004;5910;BUSIA;SAMIA-BUGWE;LUNYO;21UGA003002;;21UGA00300210
5364;5911;BUSIA;SAMIA-BUGWE;MASAFU;21UGA003002;;21UGA00300213
1198;5899;BUSIA;SAMIA-BUGWE;BUSIME;21UGA003002;;21UGA00300203
1637;5838;BUSIA;SAMIA-BUGWE;BUYANGA;21UGA003002;;21UGA00300206
1422;5893;BUSIA;SAMIA-BUGWE;LUMINO;21UGA003002;;21UGA00300209
1510;5836;BUSIA;SAMIA-BUGWE;SIKUDA;21UGA003002;;21UGA00300215
7005;5797;BUSIA;SAMIA-BUGWE;MASABA;21UGA003002;;21UGA00300212
3773;5942;BUSIA;BUSIA MUNICIPALITY;EASTERN DI;21UGA003002;;21UGA00300208
4054;5832;BUSIA;SAMIA-BUGWE;BUHEHE;21UGA003002;;21UGA00300201
7248;5788;BUSIA;SAMIA-BUGWE;BUTEBA;21UGA003002;;21UGA00300205
1471;5973;BUSIA;SAMIA-BUGWE;BUSITEMA;21UGA003002;;21UGA00300204
695;5800;BUSIA;SAMIA-BUGWE;MASINYA;21UGA003002;;21UGA00300214
7238;5967;BUSIA;SAMIA-BUGWE;MAJANJI;21UGA003002;;21UGA00300211
132;5819;BUSIA;SAMIA-BUGWE;DABANI;21UGA003002;;21UGA00300207
613;5988;BUTALEJA;BUNYOLE;BUSOLWE;21UGA003003;;21UGA00300304
3273;5919;BUTALEJA;BUNYOLE;BUSABA;21UGA003003;;21UGA00300302
863;5900;BUTALEJA;BUNYOLE;BUSABI;21UGA003003;;21UGA00300303
1922;5843;BUTALEJA;BUNYOLE;BUTALEJA TOWN COUNCIL;21UGA003003;;21UGA00300307
182;5792;BUTALEJA;BUNYOLE;HIMUTU;21UGA003003;;21UGA00300308
720;5894;BUTALEJA;BUNYOLE;MAZIMASA;21UGA003003;;21UGA00300310
2399;5802;BUTALEJA;BUNYOLE;KACHONGA;21UGA003003;;21UGA00300309
7273;5877;BUTALEJA;BUNYOLE;NAWEYO;21UGA003003;;21UGA00300312
3379;5816;BUTALEJA;BUNYOLE;BUTALEJA;21UGA003003;;21UGA00300306
1208;5931;BUTALEJA;BUNYOLE;NAWANJOFU;21UGA003003;;21UGA00300311
6904;5809;BUTALEJA;BUNYOLE;BUSOLWE TOWN COUNCIL;21UGA003003;;21UGA00300305
530;5908;BUTALEJA;BUNYOLE;BUDUMBA;21UGA003003;;21UGA00300301
3022;6914;BUTEBO;BUTEBO;KANGINIMA;21UGA003004;;21UGA00300404
1286;6911;BUTEBO;BUTEBO;BUTEBO;21UGA003004;;21UGA00300401
7366;6899;BUTEBO;BUTEBO;OPWATETA;21UGA003004;;21UGA00300406
448;6897;BUTEBO;BUTEBO;KIBALE;21UGA003004;;21UGA00300405
714;6861;BUTEBO;BUTEBO;KAKORO;21UGA003004;;21UGA00300403
3399;6857;BUTEBO;BUTEBO;KABWANGASI;21UGA003004;;21UGA00300402
900;6903;BUTEBO;BUTEBO;PETETE;21UGA003004;;21UGA00300407
286;6231;KIBUKU;KIBUKU;BUSETA;21UGA003005;;21UGA00300502
7047;6239;KIBUKU;KIBUKU;KIBUKU;21UGA003005;;21UGA00300507
790;6229;KIBUKU;KIBUKU;TIRINYI;21UGA003005;;21UGA00300510
2354;6224;KIBUKU;KIBUKU;KIBUKU TOWN COUNCIL;21UGA003005;;21UGA00300508
133;6233;KIBUKU;KIBUKU;KIRIKA;21UGA003005;;21UGA00300509
970;6257;KIBUKU;KIBUKU;KASASIRA;21UGA003005;;21UGA00300506
655;6251;KIBUKU;KIBUKU;KABWERI;21UGA003005;;21UGA00300503
1126;6244;KIBUKU;KIBUKU;KAGUMU;21UGA003005;;21UGA00300505
1161;6254;KIBUKU;KIBUKU;KADAMA;21UGA003005;;21UGA00300504
6962;6234;KIBUKU;KIBUKU;BULANGIRA;21UGA003005;;21UGA00300501
1964;6843;PALLISA;PALLISA;OLOK;21UGA003006;;21UGA00300609
6939;6851;PALLISA;AGULE;GOGONYO;21UGA003006;;21UGA00300605
307;6860;PALLISA;PALLISA;KASODO;21UGA003006;;21UGA00300608
2034;6848;PALLISA;AGULE;KAMEKE;21UGA003006;;21UGA00300606
2136;6842;PALLISA;PALLISA;PALLISA TOWN COUNCIL;21UGA003006;;21UGA00300611
6536;6844;PALLISA;PALLISA;PUTI-PUTI;21UGA003006;;21UGA00300612
216;6879;PALLISA;AGULE;AKISIM;21UGA003006;;21UGA00300602
4912;6841;PALLISA;PALLISA;PALLISA;21UGA003006;;21UGA00300610
1670;6887;PALLISA;AGULE;AGULE;21UGA003006;;21UGA00300601
1600;6875;PALLISA;AGULE;CHELEKURA;21UGA003006;;21UGA00300604
13;6854;PALLISA;PALLISA;KAMUGE;21UGA003006;;21UGA00300607
1093;6910;PALLISA;AGULE;APOPONG;21UGA003006;;21UGA00300603
1301;5858;TORORO;WEST BUDAMA (KISOLO);PAYA;21UGA003007;;21UGA00300717
855;5975;TORORO;WEST BUDAMA (KISOLO);MULANDA;21UGA003007;;21UGA00300712
755;5965;TORORO;WEST BUDAMA (KISOLO);NAGONGERA TOWN COUNCIL;21UGA003007;;21UGA00300715
28;5827;TORORO;WEST BUDAMA (KISOLO);RUBONGI;21UGA003007;;21UGA00300719
296;5872;TORORO;WEST BUDAMA (KISOLO);KIREWA;21UGA003007;;21UGA00300703
241;5795;TORORO;TORORO;KWAPA;21UGA003007;;21UGA00300705
3410;5957;TORORO;WEST BUDAMA (KISOLO);IYOLWA;21UGA003007;;21UGA00300702
199;5924;TORORO;WEST BUDAMA (KISOLO);NAGONGERA;21UGA003007;;21UGA00300714
2450;5883;TORORO;TORORO MUNICIPALITY;EASTERN DIVISION;21UGA003007;;21UGA00300701
82;5945;TORORO;WEST BUDAMA (KISOLO);NABUYOGA;21UGA003007;;21UGA00300713
1212;5963;TORORO;TORORO;MALABA TOWN COUNCIL;21UGA003007;;21UGA00300707
1816;5936;TORORO;WEST BUDAMA (KISOLO);SOP-SOP;21UGA003007;;21UGA00300720
935;5862;TORORO;WEST BUDAMA (KISOLO);MAGOLA;21UGA003007;;21UGA00300706
1321;5921;TORORO;TORORO;MUKUJU;21UGA003007;;21UGA00300711
1509;5834;TORORO;TORORO;MERIKIT;21UGA003007;;21UGA00300709
7170;5839;TORORO;TORORO;OSUKURU;21UGA003007;;21UGA00300716
7163;9582;TORORO;TORORO;MOLO;21UGA003007;;21UGA00300710
1949;5981;TORORO;WEST BUDAMA (KISOLO);PETTA;21UGA003007;;21UGA00300718
2734;5999;TORORO;TORORO;MELLA;21UGA003007;;21UGA00300708
137;5824;TORORO;TORORO MUNICIPALITY;WESTERN DIVISION;21UGA003007;;21UGA00300721
1032;5828;TORORO;WEST BUDAMA (KISOLO);KISOKO;21UGA003007;;21UGA00300704
748;4330;BULIISA;BULIISA;KIGWERA;21UGA004001;;21UGA00400105
1197;4720;BULIISA;BULIISA;BULIISA TOWN COUNCIL;21UGA004001;;21UGA00400103
1454;4984;BULIISA;BULIISA;KIHUNGYA;21UGA004001;;21UGA00400106
2420;4159;BULIISA;BULIISA;BUTIABA;21UGA004001;;21UGA00400104
4722;4521;BULIISA;BULIISA;NGWEDO;21UGA004001;;21UGA00400107
118;3639;BULIISA;BULIISA;BIISO;21UGA004001;;21UGA00400101
1750;5278;BULIISA;BULIISA;BULIISA;21UGA004001;;21UGA00400102
7372;5265;HOIMA;HOIMA MUNICIPALITY;BUSIS DIVISION;21UGA004002;Busiisi Division;21UGA00400204
380;3926;HOIMA;BUGAHYA;BUHANIKA;21UGA004002;;21UGA00400201
791;4370;HOIMA;HOIMA MUNICIPALITY;BUJUMBURA DIVISION;21UGA004002;;21UGA00400202
1261;4777;HOIMA;BUGAHYA;KITOBA;21UGA004002;;21UGA00400208
2631;4344;HOIMA;BUGAHYA;KYABIGAMBIRE;21UGA004002;;21UGA00400209
388;4712;HOIMA;HOIMA MUNICIPALITY;MPARO DIVISON;21UGA004002;;21UGA00400210
596;5281;HOIMA;HOIMA MUNICIPALITY;KAHOORA;21UGA004002;Kahoora Divison;21UGA00400205
1118;4654;HOIMA;BUGAHYA;BUSERUKA;21UGA004002;;21UGA00400203
5727;3669;HOIMA;BUGAHYA;KIGOROBYA;21UGA004002;;21UGA00400206
794;4372;HOIMA;BUGAHYA;KIGOROBYA TOWN COUNCIL;21UGA004002;;21UGA00400207
627;4203;KAGADI;BUYAGA;RUTEETE;21UGA004003;;21UGA00400318
1063;4514;KAGADI;BUYAGA;KYATEREKERA;21UGA004003;;21UGA00400309
63;3572;KAGADI;BUYAGA;PAACWA;21UGA004003;;21UGA00400316
2894;4612;KAGADI;BUYAGA;MPEEFU;21UGA004003;;21UGA00400312
6957;4846;KAGADI;BUYAGA;KYANAISOKE;21UGA004003;;21UGA00400308
2132;3820;KAGADI;BUYAGA;BURORA;21UGA004003;;21UGA00400301
7384;5275;KAGADI;BUYAGA;BWIKARA;21UGA004003;;21UGA00400302
722;4311;KAGADI;BUYAGA;KAGADI  TOWN COUNCIL;21UGA004003;;21UGA00400305
738;4316;KAGADI;BUYAGA;NDAIGA;21UGA004003;;21UGA00400315
1783;5307;KAGADI;BUYAGA;MUHORRO;21UGA004003;;21UGA00400313
100;4194;KAGADI;BUYAGA;MUHORRO  TOWN COUNCIL;21UGA004003;;21UGA00400314
1692;5212;KAGADI;BUYAGA;KYAKABADIIMA;21UGA004003;;21UGA00400307
1927;4040;KAGADI;BUYAGA;RUGASHARI;21UGA004003;;21UGA00400317
818;4395;KAGADI;BUYAGA;KAGADI;21UGA004003;;21UGA00400304
3875;3704;KAGADI;BUYAGA;KIRYANGA;21UGA004003;;21UGA00400306
10;3509;KAGADI;BUYAGA;KYENZIGE;21UGA004003;;21UGA00400310
2060;3742;KAGADI;BUYAGA;MABAALE;21UGA004003;;21UGA00400311
3386;4122;KAGADI;BUYAGA;KABAMBA;21UGA004003;;21UGA00400303
178;4202;KAKUMIRO;BUGANGAIZI;KAKINDO;21UGA004004;;21UGA00400403
1238;4436;KAKUMIRO;BUGANGAIZI;KIKWAYA;21UGA004004;;21UGA00400406
2412;4152;KAKUMIRO;BUGANGAIZI;KAKUMIRO TOWN COUNCIL;21UGA004004;Kakumiro  Town Council;21UGA00400404
1463;4989;KAKUMIRO;BUGANGAIZI;KASAMBYA;21UGA004004;;21UGA00400405
496;4038;KAKUMIRO;BUGANGAIZI;BIREMBO;21UGA004004;;21UGA00400401
1439;3654;KAKUMIRO;BUGANGAIZI;KITAIHUKA TOWN COUNCIL;21UGA004004;;21UGA00400408
7492;809;KAKUMIRO;BUGANGAIZI;BWANSWA;21UGA004004;;21UGA00400402
1383;4912;KAKUMIRO;BUGANGAIZI;NKOOKO;21UGA004004;;21UGA00400411
1916;3593;KAKUMIRO;BUGANGAIZI;KISIITA;21UGA004004;;21UGA00400407
749;4331;KAKUMIRO;BUGANGAIZI;MPASAANA;21UGA004004;;21UGA00400409
3852;3680;KAKUMIRO;BUGANGAIZI;NALWEYO;21UGA004004;;21UGA00400410
1086;4643;KIBAALE;BUYANJA;BUBANGO;21UGA004005;;21UGA00400501
5742;3683;KIBAALE;BUYANJA;KIBAALE TOWN COUNCIL;21UGA004005;;21UGA00400505
2925;5220;KIBAALE;BUYANJA;KASIMBI;21UGA004005;;21UGA00400504
979;4528;KIBAALE;BUYANJA;NYAMARUNDA;21UGA004005;;21UGA00400509
1402;4936;KIBAALE;BUYANJA;KABASEKEDDE;21UGA004005;;21UGA00400503
328;3850;KIBAALE;BUYANJA;MUGARAMA;21UGA004005;;21UGA00400508
756;4336;KIBAALE;BUYANJA;NYAMARWA;21UGA004005;;21UGA00400510
1826;9192;KIBAALE;BUYANJA;BWAMIRAMIRA;21UGA004005;;21UGA00400502
7448;5342;KIBAALE;BUYANJA;KYEBANDO;21UGA004005;;21UGA00400506
372;3912;KIBAALE;BUYANJA;MATALE;21UGA004005;;21UGA00400507
379;3924;KIKUUBE;BUHAGUZI;KYANGWALI;21UGA004006;;21UGA00400605
1633;5142;KIKUUBE;BUHAGUZI;BUHIMBA;21UGA004006;;21UGA00400602
7119;5006;KIKUUBE;BUHAGUZI;BUGAMBE;21UGA004006;;21UGA00400601
80;3599;KIKUUBE;BUHAGUZI;KIZIRANFUMBI;21UGA004006;;21UGA00400604
471;5374;KIKUUBE;BUHAGUZI;KABWOYA;21UGA004006;;21UGA00400603
2964;4662;KIRYANDONGO;KIBANDA;BWEYALE TOWN COUNCIL;21UGA004007;;21UGA00400701
1061;4629;KIRYANDONGO;KIBANDA;KIRYANDONGO REFUGEE SETTLEMENT;21UGA004007;Kiryandongo Refugee Camp;21UGA00400705
1734;5252;KIRYANDONGO;KIBANDA;KIRYANDONGO;21UGA004007;;21UGA00400704
6766;652;KIRYANDONGO;KIBANDA;MASINDI PORT;21UGA004007;Masindi;21UGA00400707
3188;5390;KIRYANDONGO;KIBANDA;MUTUNDA;21UGA004007;;21UGA00400708
3166;5389;KIRYANDONGO;KIBANDA;KIGUMBA;21UGA004007;;21UGA00400702
4664;4456;KIRYANDONGO;KIBANDA;KIRYANDONGO TOWN COUNCIL;21UGA004007;;21UGA00400706
1236;3730;KIRYANDONGO;KIBANDA;KIGUMBA TOWN COUNCIL;21UGA004007;;21UGA00400703
1186;4836;MASINDI;BUJENJE;BWIJANGA;21UGA004008;;21UGA00400802
824;5128;MASINDI;MASINDI MUNICIPALITY;KIGULYA;21UGA004008;Kigulya Division;21UGA00400805
569;4127;MASINDI;BURUULI;MIIRYA;21UGA004008;;21UGA00400807
650;3914;MASINDI;BURUULI;PAKANYI;21UGA004008;;21UGA00400809
981;4530;MASINDI;MASINDI MUNICIPALITY;NYANGAHYA;21UGA004008;Nyangahya Division;21UGA00400808
1386;4914;MASINDI;BUJENJE;BUDONDO;21UGA004008;Budongo;21UGA00400801
1224;4743;MASINDI;MASINDI MUNICIPALITY;KARUJUBU;21UGA004008;Karujubu Division;21UGA00400804
1195;4718;MASINDI;BURUULI;KIMENGO;21UGA004008;;21UGA00400806
544;4926;MASINDI;MASINDI MUNICIPALITY;CENTRAL;21UGA004008;;21UGA00400803
7155;5568;BUGIRI;BUKOOLI;BULESA;21UGA005001;;21UGA00500102
1185;4473;BUGIRI;BUGIRI MUNICIPALITY;EASTERN DIVISION;21UGA005001;;21UGA00500106
6748;5577;BUGIRI;BUKOOLI;BULUGUYI;21UGA005001;;21UGA00500104
718;5603;BUGIRI;BUKOOLI;KAPYANGA;21UGA005001;;21UGA00500108
926;5565;BUGIRI;BUKOOLI;NABUKALU;21UGA005001;;21UGA00500110
247;4466;BUGIRI;BUKOOLI;IWEMBA;21UGA005001;;21UGA00500107
1115;5563;BUGIRI;BUKOOLI;BUWUNGA;21UGA005001;;21UGA00500105
4397;5553;BUGIRI;BUGIRI MUNICIPALITY;WESTERN DIVISION;21UGA005001;;21UGA00500112
7351;5581;BUGIRI;BUKOOLI;MUTERERE;21UGA005001;;21UGA00500109
17;5569;BUGIRI;BUKOOLI;NANKOMA;21UGA005001;;21UGA00500111
5136;5597;BUGIRI;BUKOOLI;BULINDHA;21UGA005001;Bulidha;21UGA00500103
989;5567;BUGIRI;BUKOOLI;BUDHAYA;21UGA005001;;21UGA00500101
242;6054;BUGWERI;BUGWERI;BUYANGA;21UGA005002;;21UGA00500202
4158;6118;BUGWERI;BUGWERI;BUSIEMBATYA;21UGA005002;Busembatia Town Council;21UGA00500201
2973;6063;BUGWERI;BUGWERI;NAMALEMBA;21UGA005002;;21UGA00500206
3107;6049;BUGWERI;BUGWERI;IBULANKU;21UGA005002;;21UGA00500203
1989;6082;BUGWERI;BUGWERI;IGOMBE;21UGA005002;;21UGA00500204
2531;6068;BUGWERI;BUGWERI;MAKUUTU;21UGA005002;;21UGA00500205
7370;6018;BUYENDE;BUDIOPE;BUYENDE;21UGA005003;;21UGA00500302
7350;6028;BUYENDE;BUDIOPE;BUGAYA;21UGA005003;;21UGA00500301
454;6036;BUYENDE;BUDIOPE;KIDERA;21UGA005003;;21UGA00500305
6952;6008;BUYENDE;BUDIOPE;NKONDO;21UGA005003;;21UGA00500306
215;6013;BUYENDE;BUDIOPE;BUYENDE TOWN COUNCIL;21UGA005003;;21UGA00500303
920;6010;BUYENDE;BUDIOPE;KAGULU;21UGA005003;;21UGA00500304
2276;6057;IGANGA;KIGULU;NAKALAMA;21UGA005004;;21UGA00500404
503;6077;IGANGA;KIGULU;NAMBALE;21UGA005004;;21UGA00500406
166;6080;IGANGA;KIGULU;BULAMOGI;21UGA005004;;21UGA00500401
861;6052;IGANGA;IGANGA MUNICIPALITY;CENTRAL;21UGA005004;;21UGA00500402
7176;6115;IGANGA;KIGULU;NAMUNGALWE;21UGA005004;;21UGA00500407
1174;6097;IGANGA;IGANGA MUNICIPALITY;NORTHERN;21UGA005004;;21UGA00500410
849;6073;IGANGA;KIGULU;NABITENDE;21UGA005004;;21UGA00500403
1201;6059;IGANGA;KIGULU;NAWANYINGI;21UGA005004;;21UGA00500409
644;6060;IGANGA;KIGULU;NAKIGO;21UGA005004;;21UGA00500405
1745;6075;IGANGA;KIGULU;NAWANDALA;21UGA005004;;21UGA00500408
1716;6150;JINJA;BUTEMBE;BUSEDDE;21UGA005005;;21UGA00500503
2577;6152;JINJA;KAGOMA;BUTAGAYA;21UGA005005;;21UGA00500504
661;6123;JINJA;KAGOMA;BUWENGE;21UGA005005;;21UGA00500505
336;6141;JINJA;JINJA MUNICIPALITY;CENTRAL DIVISION;21UGA005005;;21UGA00500508
478;6139;JINJA;BUTEMBE;KAKIRA TOWN COUNCIL;21UGA005005;;21UGA00500509
577;6138;JINJA;JINJA MUNICIPALITY;MASESE WALUKUBA DIVISION;21UGA005005;Masese Walukuba;21UGA00500511
58;6131;JINJA;BUTEMBE;MAFUBIRA;21UGA005005;;21UGA00500510
149;6179;JINJA;KAGOMA;BUYENGO;21UGA005005;;21UGA00500507
256;6172;JINJA;BUTEMBE;BUGEMBE TOWN COUNCIL;21UGA005005;;21UGA00500502
593;6161;JINJA;KAGOMA;BUWENGE TOWN COUNCIL;21UGA005005;;21UGA00500506
1317;6126;JINJA;JINJA MUNICIPALITY;MPUMUDDE DIVISION;21UGA005005;;21UGA00500512
1871;6137;JINJA;KAGOMA;BUDONDO;21UGA005005;;21UGA00500501
2234;6181;KALIRO;BULAMOGI;NANSOLOLO;21UGA005006;;21UGA00500611
1878;6201;KALIRO;BULAMOGI;BUMANYA;21UGA005006;;21UGA00500603
1968;6212;KALIRO;BULAMOGI;BUDOMERO;21UGA005006;;21UGA00500601
239;6210;KALIRO;BULAMOGI;NAWAIKOKE;21UGA005006;;21UGA00500612
2164;6184;KALIRO;BULAMOGI;BUYINDA;21UGA005006;;21UGA00500604
5623;6211;KALIRO;BULAMOGI;KALIRO TOWN COUNCIL;21UGA005006;;21UGA00500606
1654;6206;KALIRO;BULAMOGI;KASOKWE;21UGA005006;;21UGA00500607
3843;6196;KALIRO;BULAMOGI;KISINDA;21UGA005006;;21UGA00500608
7358;6185;KALIRO;BULAMOGI;NAMWIWA;21UGA005006;;21UGA00500610
4192;6180;KALIRO;BULAMOGI;NAMUGONGO;21UGA005006;;21UGA00500609
4407;6193;KALIRO;BULAMOGI;GADUMIRE;21UGA005006;;21UGA00500605
1966;6190;KALIRO;BULAMOGI;BUKAMBA;21UGA005006;;21UGA00500602
1204;4;KAMULI;BUGABULA;BUTANSI;21UGA005007;;21UGA00500704
2001;34;KAMULI;KAMULI MUNICIPALITY;SOUTHERN DIVISION;21UGA005007;;21UGA00500713
986;33;KAMULI;BUZAAYA;NAWANYAGO;21UGA005007;;21UGA00500711
822;6;KAMULI;KAMULI MUNICIPALITY;NORTHERN DIVISION;21UGA005007;;21UGA00500712
657;20;KAMULI;BUGABULA;NABWIGULU;21UGA005007;;21UGA00500708
911;40;KAMULI;BUGABULA;BALAWOLI;21UGA005007;;21UGA00500701
6925;60;KAMULI;BUGABULA;NAMWENDWA;21UGA005007;;21UGA00500710
198;36;KAMULI;BUZAAYA;WANKOLE;21UGA005007;;21UGA00500714
7479;26;KAMULI;BUZAAYA;KISOZI;21UGA005007;;21UGA00500705
180;81;KAMULI;BUZAAYA;BUGULUMBYA;21UGA005007;;21UGA00500702
373;22;KAMULI;BUGABULA;NAMASAGALI;21UGA005007;;21UGA00500709
7353;52;KAMULI;BUGABULA;KITAYUNJWA;21UGA005007;;21UGA00500706
298;158;KAMULI;BUGABULA;BULOPA;21UGA005007;;21UGA00500703
6886;27;KAMULI;BUZAAYA;MBULAMUTI;21UGA005007;;21UGA00500707
7274;6332;LUUKA;LUUKA;IKUMBYA;21UGA005008;;21UGA00500804
1739;6345;LUUKA;LUUKA;BULONGO;21UGA005008;;21UGA00500803
54;6357;LUUKA;LUUKA;IRONGO;21UGA005008;;21UGA00500805
184;6352;LUUKA;LUUKA;WAIBUGA;21UGA005008;;21UGA00500808
7356;6336;LUUKA;LUUKA;BUKOOMA;21UGA005008;;21UGA00500802
367;6355;LUUKA;LUUKA;NAWAMPITI;21UGA005008;;21UGA00500807
7;6337;LUUKA;LUUKA;BUKANGA;21UGA005008;;21UGA00500801
585;6366;LUUKA;LUUKA;LUUKA TOWN COUNCIL;21UGA005008;Luuka;21UGA00500806
1946;6710;MAYUGE;BUNYA;MAGAMAGA TOWN COUNCIL;21UGA005009;;21UGA00500910
290;6703;MAYUGE;BUNYA;BUWAAYA;21UGA005009;;21UGA00500905
7125;6691;MAYUGE;BUNYA;WAIRASA;21UGA005009;;21UGA00500914
2045;6670;MAYUGE;BUNYA;IMMANYIRO;21UGA005009;Imanyiro;21UGA00500906
2129;6734;MAYUGE;BUNYA;MAYUGE TOWN COUNCIL;21UGA005009;MAYUGE;21UGA00500912
92;6685;MAYUGE;BUNYA;BUKABOOLI;21UGA005009;;21UGA00500902
1405;6699;MAYUGE;BUNYA;KITYERERA;21UGA005009;;21UGA00500909
1368;6681;MAYUGE;BUNYA;BUKATUBE;21UGA005009;;21UGA00500903
3568;6678;MAYUGE;BUNYA;BUSAKIRA;21UGA005009;;21UGA00500904
7480;6684;MAYUGE;BUNYA;JAGUZI;21UGA005009;;21UGA00500907
429;6729;MAYUGE;BUNYA;MALONGO;21UGA005009;;21UGA00500911
135;6669;MAYUGE;BUNYA;KIGANDALO;21UGA005009;;21UGA00500908
504;6704;MAYUGE;BUNYA;MPUNGWE;21UGA005009;;21UGA00500913
1149;6700;MAYUGE;BUNYA;BAITAMBOGWE;21UGA005009;;21UGA00500901
385;6768;NAMAYINGO;BUKOOLI;MUTUMBA;21UGA005010;;21UGA00501007
521;9503;NAMAYINGO;BUKOOLI;BUSWALE;21UGA005010;;21UGA00501004
2983;6747;NAMAYINGO;BUKOOLI;NAMAYINGO TOWN COUNCIL;21UGA005010;Namayingo;21UGA00501008
2105;6752;NAMAYINGO;BUKOOLI;BUGANA;21UGA005010;Bukana;21UGA00501002
670;9499;NAMAYINGO;BUKOOLI;BANDA;21UGA005010;;21UGA00501001
1147;6761;NAMAYINGO;BUKOOLI;BUHEMBA;21UGA005010;;21UGA00501003
192;6786;NAMAYINGO;BUKOOLI;BUYINJA;21UGA005010;;21UGA00501005
7187;6756;NAMAYINGO;BUKOOLI;LOLWE;21UGA005010;;21UGA00501006
395;6783;NAMAYINGO;BUKOOLI;SIGULU ISLANDS;21UGA005010;Sigulu Island;21UGA00501009
5044;9529;NAMUTUMBA;BUSIKI;KIBALE;21UGA005011;Kibaale;21UGA00501103
1038;9520;NAMUTUMBA;BUSIKI;NANGONDE;21UGA005011;;21UGA00501108
885;6803;NAMUTUMBA;BUSIKI;NAMUTUMBA;21UGA005011;;21UGA00501106
1492;6807;NAMUTUMBA;BUSIKI;NAMUTUMBA TOWN COUNCIL;21UGA005011;;21UGA00501107
615;6823;NAMUTUMBA;BUSIKI;MAGADA;21UGA005011;;21UGA00501104
97;6812;NAMUTUMBA;BUSIKI;BULANGE;21UGA005011;;21UGA00501101
1105;6794;NAMUTUMBA;BUSIKI;NSINZE;21UGA005011;;21UGA00501109
1803;9517;NAMUTUMBA;BUSIKI;NABWEYO;21UGA005011;;21UGA00501105
79;9526;NAMUTUMBA;BUSIKI;IVUKULA;21UGA005011;;21UGA00501102
1655;5489;BUDUDA;MANJIYA;NALWANZA;21UGA006001;;21UGA00600116
424;5520;BUDUDA;MANJIYA;BUKIBOKOLO;21UGA006001;;21UGA00600105
7115;5545;BUDUDA;MANJIYA;BUMASHETI;21UGA006001;;21UGA00600108
1891;5495;BUDUDA;MANJIYA;BUSHIRIBO;21UGA006001;;21UGA00600112
7261;5462;BUDUDA;MANJIYA;BULUCHEKE;21UGA006001;;21UGA00600107
1960;5450;BUDUDA;MANJIYA;NAKATSI;21UGA006001;;21UGA00600115
7249;5453;BUDUDA;MANJIYA;BUDUDA;21UGA006001;;21UGA00600102
1287;5483;BUDUDA;MANJIYA;BUSHINYI;21UGA006001;Bushiyi;21UGA00600111
3339;5471;BUDUDA;MANJIYA;NABWEYA;21UGA006001;;21UGA00600114
331;5490;BUDUDA;MANJIYA;BUDUDA TOWN COUNCIL;21UGA006001;;21UGA00600103
136;5469;BUDUDA;MANJIYA;BUSHIKA;21UGA006001;;21UGA00600110
2203;5501;BUDUDA;MANJIYA;BUMAYOKA;21UGA006001;;21UGA00600109
3;5452;BUDUDA;MANJIYA;BUKALASI;21UGA006001;;21UGA00600104
3657;9781;BUDUDA;MANJIYA;BUBIITA;21UGA006001;;21UGA00600101
449;5546;BUDUDA;MANJIYA;BUKIGAI;21UGA006001;;21UGA00600106
113;5451;BUDUDA;MANJIYA;BUWALI;21UGA006001;;21UGA00600113
3551;5651;BUKWO;KONGASIS;SENENDET;21UGA006002;;21UGA00600210
1429;5622;BUKWO;KONGASIS;CHEPKWASTA;21UGA006002;;21UGA00600203
7390;5606;BUKWO;KONGASIS;KAMET;21UGA006002;;21UGA00600206
2564;5647;BUKWO;KONGASIS;BUKWO;21UGA006002;;21UGA00600201
1897;5662;BUKWO;KONGASIS;CHESOWER;21UGA006002;;21UGA00600204
1137;5613;BUKWO;KONGASIS;SUAM;21UGA006002;;21UGA00600211
226;5649;BUKWO;KONGASIS;KABEI;21UGA006002;;21UGA00600205
2095;5637;BUKWO;KONGASIS;RIWO;21UGA006002;;21UGA00600209
271;5609;BUKWO;KONGASIS;KAPTERERWO;21UGA006002;;21UGA00600207
6933;5674;BUKWO;KONGASIS;TULEL;21UGA006002;;21UGA00600212
179;5655;BUKWO;KONGASIS;KORTEK;21UGA006002;;21UGA00600208
2386;5657;BUKWO;KONGASIS;BUKWO TOWN COUNCIL;21UGA006002;;21UGA00600202
3494;5774;BULAMBULI;BULAMBULI;MUYEMBE;21UGA006003;;21UGA00600315
398;5721;BULAMBULI;BULAMBULI;BULAAGO;21UGA006003;;21UGA00600303
174;5688;BULAMBULI;BULAMBULI;NAMISUNI;21UGA006003;;21UGA00600317
3234;5751;BULAMBULI;BULAMBULI;BULAMBULI TOWN COUNCIL;21UGA006003;;21UGA00600304
316;5746;BULAMBULI;BULAMBULI;BUMUGIBOLE;21UGA006003;;21UGA00600309
1353;5768;BULAMBULI;BULAMBULI;KAMU;21UGA006003;;21UGA00600312
2211;5692;BULAMBULI;BULAMBULI;SIMU;21UGA006003;;21UGA00600318
7481;5716;BULAMBULI;BULAMBULI;BULEGENI TOWN COUNCIL;21UGA006003;;21UGA00600306
7381;5694;BULAMBULI;BULAMBULI;BUGINYANYA;21UGA006003;;21UGA00600301
3306;5776;BULAMBULI;BULAMBULI;BULEGENI;21UGA006003;;21UGA00600305
2172;5764;BULAMBULI;BULAMBULI;SISIYI;21UGA006003;;21UGA00600319
571;5677;BULAMBULI;BULAMBULI;BWIKHONGE;21UGA006003;;21UGA00600311
485;5699;BULAMBULI;BULAMBULI;BUMASOBO;21UGA006003;;21UGA00600308
740;5715;BULAMBULI;BULAMBULI;NABONGO;21UGA006003;Nabbongo;21UGA00600316
7127;5693;BULAMBULI;BULAMBULI;BUKHALU;21UGA006003;;21UGA00600302
489;5733;BULAMBULI;BULAMBULI;BUNAMBUTYE;21UGA006003;;21UGA00600310
6902;5682;BULAMBULI;BULAMBULI;MASIIRA;21UGA006003;;21UGA00600314
1260;5705;BULAMBULI;BULAMBULI;LUSHA;21UGA006003;;21UGA00600313
3043;5758;BULAMBULI;BULAMBULI;BULUGANYA;21UGA006003;;21UGA00600307
1094;93;KAPCHORWA;TINGEY;KAPTANYA;21UGA006004;;21UGA00600409
3156;74;KAPCHORWA;TINGEY;SIPI;21UGA006004;;21UGA00600413
2124;66;KAPCHORWA;TINGEY;KASEREM;21UGA006004;;21UGA00600410
243;89;KAPCHORWA;KAPCHORWA MUNICIPALITY;CENTRAL DIVISION;21UGA006004;;21UGA00600402
7151;155;KAPCHORWA;TINGEY;GAMOGO;21UGA006004;;21UGA00600406
155;118;KAPCHORWA;TINGEY;MUNARYA;21UGA006004;;21UGA00600412
114;67;KAPCHORWA;KAPCHORWA MUNICIPALITY;WESTERN DIVISION;21UGA006004;;21UGA00600414
1665;141;KAPCHORWA;TINGEY;AMUKOL;21UGA006004;;21UGA00600401
1154;108;KAPCHORWA;TINGEY;CHEPTERET;21UGA006004;Chepterech;21UGA00600404
350;148;KAPCHORWA;KAPCHORWA MUNICIPALITY;EASTERN DIVISION;21UGA006004;;21UGA00600405
1577;127;KAPCHORWA;TINGEY;CHEMA;21UGA006004;;21UGA00600403
7335;145;KAPCHORWA;TINGEY;KAWOWO;21UGA006004;;21UGA00600411
378;88;KAPCHORWA;TINGEY;KAPSINDA;21UGA006004;;21UGA00600408
469;139;KAPCHORWA;TINGEY;KABEYWA;21UGA006004;;21UGA00600407
848;6328;KWEEN;KWEEN;BINYINY;21UGA006005;;21UGA00600502
2176;6323;KWEEN;KWEEN;KAPRORON;21UGA006005;;21UGA00600504
433;6271;KWEEN;KWEEN;KWANYIY;21UGA006005;;21UGA00600509
101;6308;KWEEN;KWEEN;BENET;21UGA006005;;21UGA00600501
417;6293;KWEEN;KWEEN;KIRIKI;21UGA006005;;21UGA00600507
6791;6331;KWEEN;KWEEN;NGENGE;21UGA006005;;21UGA00600512
1056;6324;KWEEN;KWEEN;BINYINYI TOWN COUNCIL;21UGA006005;Binyiny Town Council;21UGA00600503
134;6301;KWEEN;KWEEN;KITAWOI;21UGA006005;;21UGA00600508
181;6266;KWEEN;KWEEN;KAPTOYOY;21UGA006005;;21UGA00600505
285;6265;KWEEN;KWEEN;KWOSIR;21UGA006005;;21UGA00600510
143;6269;KWEEN;KWEEN;MOYOK;21UGA006005;;21UGA00600511
520;6262;KWEEN;KWEEN;KAPTUM;21UGA006005;;21UGA00600506
673;6392;MANAFWA;BUBULO;KHABUTOOLA;21UGA006006;;21UGA00600610
69;6478;MANAFWA;BUBULO;WESWA;21UGA006006;;21UGA00600615
638;6473;MANAFWA;BUBULO;MANAFWA TOWN COUNCIL;21UGA006006;MANAFWA;21UGA00600611
2364;6490;MANAFWA;BUBULO;BUTIRU;21UGA006006;;21UGA00600605
1002;6534;MANAFWA;BUBULO;SIBANGA;21UGA006006;;21UGA00600613
508;6433;MANAFWA;BUBULO;BUTTA;21UGA006006;;21UGA00600606
2885;6410;MANAFWA;BUBULO;KAATO;21UGA006006;;21UGA00600609
65;6471;MANAFWA;BUBULO;BUWANGANI TOWN COUNCIL;21UGA006006;;21UGA00600608
583;6399;MANAFWA;BUBULO;BUSUKUYA;21UGA006006;;21UGA00600604
7166;6439;MANAFWA;BUBULO;SISUNI;21UGA006006;;21UGA00600614
61;6485;MANAFWA;BUBULO;BUGOBERO;21UGA006006;;21UGA00600601
1895;6446;MANAFWA;BUBULO;BUKUSU;21UGA006006;;21UGA00600603
206;6477;MANAFWA;BUBULO;NALONDO;21UGA006006;;21UGA00600612
121;6385;MANAFWA;BUBULO;BUKHOFU;21UGA006006;;21UGA00600602
761;6537;MANAFWA;BUBULO;BUWAGOGO;21UGA006006;;21UGA00600607
1423;6580;MBALE;BUNGOKHO;BUSIU TOWN COUNCIL;21UGA006007;;21UGA00600713
3482;6596;MBALE;MBALE MUNICIPALITY;INDUSTRIAL DIVISION;21UGA006007;Industrial Divison;21UGA00600715
2488;6639;MBALE;BUNGOKHO;BUDWALE;21UGA006007;;21UGA00600702
519;6591;MBALE;BUNGOKHO;NAKALOKE TOWN COUNCIL;21UGA006007;;21UGA00600720
6973;6628;MBALE;MBALE MUNICIPALITY;NORTHERN;21UGA006007;;21UGA00600722
249;6564;MBALE;BUNGOKHO;BUSANO;21UGA006007;;21UGA00600711
7126;6562;MBALE;BUNGOKHO;BUNGOKHO-MUTOTO;21UGA006007;Bungokho Mutoto;21UGA00600710
108;6666;MBALE;BUNGOKHO;LWASSO;21UGA006007;;21UGA00600717
176;6604;MBALE;BUNGOKHO;NAMANYONYI;21UGA006007;;21UGA00600721
2112;6587;MBALE;BUNGOKHO;BUSOBA;21UGA006007;;21UGA00600714
430;6619;MBALE;MBALE MUNICIPALITY;WANALE;21UGA006007;;21UGA00600724
7456;6643;MBALE;BUNGOKHO;NAKALOKE;21UGA006007;;21UGA00600719
410;6622;MBALE;BUNGOKHO;WANALE;21UGA006007;;21UGA00600725
6763;6607;MBALE;BUNGOKHO;BUFUMBO;21UGA006007;;21UGA00600703
77;6635;MBALE;BUNGOKHO;BUMBOBI;21UGA006007;;21UGA00600708
5287;6559;MBALE;BUNGOKHO;NYONDO;21UGA006007;;21UGA00600723
733;6668;MBALE;BUNGOKHO;BUNGOKHO;21UGA006007;;21UGA00600709
301;6598;MBALE;BUNGOKHO;BUSIU;21UGA006007;;21UGA00600712
9;6552;MBALE;BUNGOKHO;BUBYANGU;21UGA006007;;21UGA00600701
5418;6577;MBALE;BUNGOKHO;NABUMALI TOWN COUNCIL;21UGA006007;;21UGA00600718
960;6629;MBALE;BUNGOKHO;BUKASAKYA;21UGA006007;;21UGA00600704
4598;6649;MBALE;BUNGOKHO;BUKHIENDE;21UGA006007;Bukiende;21UGA00600705
160;6585;MBALE;BUNGOKHO;LUKHONGE;21UGA006007;;21UGA00600716
390;6609;MBALE;BUNGOKHO;BUMASIKYE;21UGA006007;;21UGA00600707
4564;6618;MBALE;BUNGOKHO;BUKONDE;21UGA006007;;21UGA00600706
2043;6491;NAMISINDWA;BUBULO;NAMABYA;21UGA006008;;21UGA00600815
835;6504;NAMISINDWA;BUBULO;BUWABWALA;21UGA006008;;21UGA00600810
171;6506;NAMISINDWA;BUBULO;BUYINZA TOWN COUNCIL;21UGA006008;;21UGA00600811
945;6448;NAMISINDWA;BUBULO;BUKHABUSI;21UGA006008;;21UGA00600802
3437;6383;NAMISINDWA;BUBULO;NAMBOKO;21UGA006008;;21UGA00600816
3023;6465;NAMISINDWA;BUBULO;MUKHOTO;21UGA006008;Mukoto;21UGA00600814
2888;6463;NAMISINDWA;BUBULO;BUKOKHO;21UGA006008;;21UGA00600805
3253;6435;NAMISINDWA;BUBULO;BUNABWANA;21UGA006008;;21UGA00600808
640;6493;NAMISINDWA;BUBULO;BUKHAWEKA;21UGA006008;;21UGA00600803
904;6405;NAMISINDWA;BUBULO;BUMWONI;21UGA006008;;21UGA00600807
7361;6382;NAMISINDWA;BUBULO;MAGALE;21UGA006008;;21UGA00600813
1595;6523;NAMISINDWA;BUBULO;BUKIABI;21UGA006008;;21UGA00600804
1777;6443;NAMISINDWA;BUBULO;BUBUTU;21UGA006008;;21UGA00600801
6978;6416;NAMISINDWA;BUBULO;TSEKULULU;21UGA006008;;21UGA00600817
279;6423;NAMISINDWA;BUBULO;BUPOTO;21UGA006008;;21UGA00600809
7352;6452;NAMISINDWA;BUBULO;LWAKHAKHA TOWN COUNCIL;21UGA006008;;21UGA00600812
1555;6518;NAMISINDWA;BUBULO;BUMBO;21UGA006008;;21UGA00600806
7385;6946;SIRONKO;BUDADIRI;BUTANDIGA;21UGA006009;;21UGA00600913
353;6975;SIRONKO;BUDADIRI;BUSULANI;21UGA006009;;21UGA00600912
837;7012;SIRONKO;BUDADIRI;BUTEZA;21UGA006009;;21UGA00600914
7182;6983;SIRONKO;BUDADIRI;BUKIYI;21UGA006009;;21UGA00600906
3307;7031;SIRONKO;BUDADIRI;BUKIISE;21UGA006009;;21UGA00600905
48;6963;SIRONKO;BUDADIRI;MASABA;21UGA006009;;21UGA00600918
995;6937;SIRONKO;BUDADIRI;BUHUGU;21UGA006009;;21UGA00600903
1114;7023;SIRONKO;BUDADIRI;BUYOBO;21UGA006009;;21UGA00600917
580;6929;SIRONKO;BUDADIRI;BUGITIMWA;21UGA006009;;21UGA00600902
402;6985;SIRONKO;BUDADIRI;BUKHULO;21UGA006009;;21UGA00600904
7360;7022;SIRONKO;BUDADIRI;BUWASA;21UGA006009;;21UGA00600916
459;6917;SIRONKO;BUDADIRI;BUKYABO;21UGA006009;;21UGA00600907
589;6943;SIRONKO;BUDADIRI;BUWALASI;21UGA006009;;21UGA00600915
1903;7045;SIRONKO;BUDADIRI;SIRONKO TOWN COUNCIL;21UGA006009;Sironko;21UGA00600920
221;7021;SIRONKO;BUDADIRI;BUMASIFWA;21UGA006009;;21UGA00600910
2575;6973;SIRONKO;BUDADIRI;BUKYAMBI;21UGA006009;;21UGA00600908
377;6994;SIRONKO;BUDADIRI;ZESUI;21UGA006009;;21UGA00600921
567;7039;SIRONKO;BUDADIRI;NALUSALA;21UGA006009;;21UGA00600919
1501;6958;SIRONKO;BUDADIRI;BUNYAFA;21UGA006009;;21UGA00600911
746;7020;SIRONKO;BUDADIRI;BUMALIMBA;21UGA006009;;21UGA00600909
2215;6970;SIRONKO;BUDADIRI;BUDADIRI TOWN COUNCIL;21UGA006009;;21UGA00600901
870;720;KAMPALA;KAMPALA CAPITAL CITY;CENTRAL;21UGA007001;;21UGA00700101
534;1530;KAMPALA;KAMPALA CAPITAL CITY;KAWEMPE;21UGA007001;Kawempe Division;21UGA00700102
7449;540;KAMPALA;KAMPALA CAPITAL CITY;MAKINDYE;21UGA007001;Makindye Division;21UGA00700103
558;1026;KAMPALA;KAMPALA CAPITAL CITY;RUBAGA;21UGA007001;;21UGA00700105
506;1518;KAMPALA;KAMPALA CAPITAL CITY;NAKAWA;21UGA007001;Nakawa Division;21UGA00700104
7443;2497;ABIM;LABWOR;ALEREK;21UGA008001;;21UGA00800103
1563;3277;ABIM;LABWOR;ABIM;21UGA008001;;21UGA00800101
6894;3005;ABIM;LABWOR;NYAKWAE;21UGA008001;;21UGA00800106
768;2610;ABIM;LABWOR;LOTUKEI;21UGA008001;;21UGA00800104
1855;1923;ABIM;LABWOR;ABIM TOWN COUNCIL;21UGA008001;;21UGA00800102
6900;3010;ABIM;LABWOR;MORULEM;21UGA008001;;21UGA00800105
7131;3370;AMUDAT;POKOT;KARITA;21UGA008002;;21UGA00800203
566;2410;AMUDAT;POKOT;LOROO;21UGA008002;;21UGA00800204
2776;2742;AMUDAT;POKOT;AMUDAT;21UGA008002;;21UGA00800201
6919;3453;AMUDAT;POKOT;AMUDAT TOWN COUNCIL;21UGA008002;Amudat T.C;21UGA00800202
7287;3352;KABONG;DODOTH;KAWALAKOL;21UGA008003;;21UGA00800308
825;2487;KABONG;DODOTH;KAMION;21UGA008003;;21UGA00800305
734;2563;KABONG;DODOTH;KAPEDO;21UGA008003;;21UGA00800306
3193;3037;KABONG;DODOTH;KAABONG TOWN COUNCIL;21UGA008003;;21UGA00800302
1792;3451;KABONG;DODOTH;NAPORE(KARENGA);21UGA008003;Napore Karenga;21UGA00800313
2360;2380;KABONG;DODOTH;LODIKO;21UGA008003;;21UGA00800310
104;2006;KABONG;DODOTH;LOLELIA;21UGA008003;;21UGA00800311
1442;3167;KABONG;DODOTH;KAABONG EAST;21UGA008003;;21UGA00800301
6734;2146;KABONG;DODOTH;SIDOK;21UGA008003;;21UGA00800314
120;2021;KABONG;DODOTH;LOBALANGIT;21UGA008003;;21UGA00800309
6911;592;KABONG;DODOTH;LOYORO;21UGA008003;;21UGA00800312
2038;2089;KABONG;DODOTH;KAABONG WEST;21UGA008003;;21UGA00800303
87;1976;KABONG;DODOTH;KALAPATA;21UGA008003;;21UGA00800304
1158;2921;KABONG;DODOTH;KATHILE;21UGA008003;;21UGA00800307
1912;1965;KOTIDO;JIE;KACHERI;21UGA008004;;21UGA00800402
1660;2799;KOTIDO;KOTIDO MUNICIPALITY;KAPADAKOOK DIVISION;21UGA008004;;21UGA00800404
344;2042;KOTIDO;JIE;NAKAPELIMORU;21UGA008004;;21UGA00800407
4710;2776;KOTIDO;JIE;KOTIDO;21UGA008004;Kotido Town Council;21UGA00800405
2342;2360;KOTIDO;JIE;PANYANGARA;21UGA008004;;21UGA00800408
1574;3291;KOTIDO;JIE;RENGEN;21UGA008004;;21UGA00800409
1366;3100;KOTIDO;KOTIDO MUNICIPALITY;KANAWAT DIVISION;21UGA008004;;21UGA00800403
7044;3138;KOTIDO;KOTIDO MUNICIPALITY;LOSILANG DIVISION;21UGA008004;;21UGA00800406
1277;2626;KOTIDO;KOTIDO MUNICIPALITY;CENTRAL DIVISION;21UGA008004;;21UGA00800401
6936;3032;MOROTO;MOROTO MUNICIPALITY;SOUTHERN DIVISION;21UGA008005;;21UGA00800505
2102;2166;MOROTO;MATHENIKO;KATIKEKILE;21UGA008005;;21UGA00800501
1516;3243;MOROTO;MOROTO MUNICIPALITY;NORTHERN DIVISION;21UGA008005;;21UGA00800503
157;2048;MOROTO;MATHENIKO;RUPA;21UGA008005;;21UGA00800504
7250;3319;MOROTO;MATHENIKO;NADUNGET;21UGA008005;;21UGA00800502
220;2107;MOROTO;MATHENIKO;TAPAC;21UGA008005;;21UGA00800506
2324;2334;NABILATUK;PIAN;LORENGEDWAT;21UGA008006;;21UGA00800602
1534;3259;NABILATUK;PIAN;LOLACHAT;21UGA008006;;21UGA00800601
7330;3373;NABILATUK;PIAN;NABILATUK;21UGA008006;;21UGA00800603
1273;2220;NAKAPIRIPIRIT;CHEKWII;NAMALU;21UGA008007;;21UGA00800705
3260;3149;NAKAPIRIPIRIT;CHEKWII;NAKAPIRIPIRIT TOWN COUNCIL;21UGA008007;Nakapiripirit;21UGA00800704
2011;2067;NAKAPIRIPIRIT;CHEKWII;LOREGAE;21UGA008007;;21UGA00800702
514;2514;NAKAPIRIPIRIT;CHEKWII;KAKOMONGOLE;21UGA008007;;21UGA00800701
2742;2708;NAKAPIRIPIRIT;CHEKWII;MORUITA;21UGA008007;;21UGA00800703
1370;3170;NAPAK;BOKORA;LOKOPO;21UGA008008;;21UGA00800802
2009;2064;NAPAK;BOKORA;LORENGECORA;21UGA008008;;21UGA00800804
1120;3472;NAPAK;BOKORA;NAPAK TOWN COUNCIL;21UGA008008;Napak;21UGA00800807
244;2137;NAPAK;BOKORA;LOTOME;21UGA008008;;21UGA00800805
1919;1972;NAPAK;BOKORA;LOPEEI;21UGA008008;;21UGA00800803
2118;2179;NAPAK;BOKORA;MATANY;21UGA008008;;21UGA00800806
213;7558;NAPAK;BOKORA;IRIIRI;21UGA008008;;21UGA00800801
1144;2908;NAPAK;BOKORA;NGOLERIET;21UGA008008;;21UGA00800808
360;3886;KABALE;KABALE MUNICIPALITY;KABALE NORTHERN DIVISION;21UGA009001;;21UGA00900104
7488;4034;KABALE;NDORWA;RWAKIRIMIRA TOWN COUNCIL;21UGA009001;;21UGA00900112
3984;3828;KABALE;NDORWA;KATUNA TOWN COUNCIL;21UGA009001;;21UGA00900107
311;3834;KABALE;KABALE MUNICIPALITY;SOUTHERN DIVISION;21UGA009001;;21UGA00900113
212;3724;KABALE;NDORWA;KITUMBA;21UGA009001;;21UGA00900108
387;3930;KABALE;NDORWA;KAMUGANGUZI;21UGA009001;;21UGA00900106
1860;3526;KABALE;NDORWA;MAZIBA;21UGA009001;;21UGA00900110
7130;5018;KABALE;NDORWA;KAHARO;21UGA009001;;21UGA00900105
704;4289;KABALE;KABALE MUNICIPALITY;CENTRAL DIVISION;21UGA009001;;21UGA00900103
1034;4595;KABALE;NDORWA;KYANAMIRA;21UGA009001;;21UGA00900109
770;4354;KABALE;NDORWA;BUTANDA;21UGA009001;;21UGA00900102
320;3525;KABALE;NDORWA;BUHARA;21UGA009001;;21UGA00900101
277;9167;KABALE;NDORWA;RUBAYA;21UGA009001;;21UGA00900111
1415;4950;KANUNGU;KINKIZI;KAMBUGA;21UGA009002;;21UGA00900202
665;4248;KANUNGU;KINKIZI;NYAMIRAMA;21UGA009002;;21UGA00900214
1933;3611;KANUNGU;KINKIZI;KANYANTOROGO;21UGA009002;;21UGA00900205
1749;9759;KANUNGU;KINKIZI;KAMBUGA TOWN COUNCIL;21UGA009002;;21UGA00900203
7490;4302;KANUNGU;KINKIZI;KIHIIHI;21UGA009002;Kihihi;21UGA00900208
3777;3608;KANUNGU;KINKIZI;KIRIMA;21UGA009002;;21UGA00900211
575;4140;KANUNGU;KINKIZI;KATETE;21UGA009002;;21UGA00900206
834;839;KANUNGU;KINKIZI;NYAKINONI;21UGA009002;;21UGA00900213
2349;4072;KANUNGU;KINKIZI;KAYONZA;21UGA009002;;21UGA00900207
700;4570;KANUNGU;KINKIZI;KIHIIHI TOWN COUNCIL;21UGA009002;;21UGA00900209
808;4387;KANUNGU;KINKIZI;NYANGA;21UGA009002;;21UGA00900215
1548;5053;KANUNGU;KINKIZI;KANUNGU TOWN COUNCIL;21UGA009002;;21UGA00900204
765;4348;KANUNGU;KINKIZI;RUGYEYO;21UGA009002;;21UGA00900216
880;4428;KANUNGU;KINKIZI;RUTENGA;21UGA009002;;21UGA00900217
2998;4690;KANUNGU;KINKIZI;BUTOGOTA TOWN COUNCIL;21UGA009002;;21UGA00900201
84;3605;KANUNGU;KINKIZI;MPUNGU;21UGA009002;;21UGA00900212
2221;3911;KANUNGU;KINKIZI;KINAABA;21UGA009002;;21UGA00900210
340;3861;KISORO;BUFUMBIRA;NYARUBUYE;21UGA009003;;21UGA00900313
4718;5073;KISORO;KISORO MUNICIPALITY;CENTRAL DIVISION;21UGA009003;;21UGA00900303
4450;5245;KISORO;KISORO MUNICIPALITY;NORTHERN DIVISION DIVISION;21UGA009003;;21UGA00900309
131;3650;KISORO;BUFUMBIRA;KIRUNDO;21UGA009003;;21UGA00900306
6049;4017;KISORO;BUFUMBIRA;NYUNDO;21UGA009003;;21UGA00900315
3120;3892;KISORO;BUFUMBIRA;RUBUGURI TOWN COUNCIL;21UGA009003;;21UGA00900316
6934;4810;KISORO;BUFUMBIRA;NYABWISHENYA;21UGA009003;;21UGA00900310
7113;8235;KISORO;BUFUMBIRA;MURAMBA;21UGA009003;;21UGA00900307
5454;5230;KISORO;BUFUMBIRA;BUSANZA;21UGA009003;;21UGA00900302
1850;3514;KISORO;BUFUMBIRA;CHAHI;21UGA009003;;21UGA00900304
4543;4377;KISORO;BUFUMBIRA;MURORA;21UGA009003;;21UGA00900308
1027;4586;KISORO;BUFUMBIRA;NYAKABANDE;21UGA009003;;21UGA00900311
1267;4787;KISORO;BUFUMBIRA;NYAKINAMA;21UGA009003;;21UGA00900312
2156;3843;KISORO;BUFUMBIRA;KANABA;21UGA009003;;21UGA00900305
692;4283;KISORO;BUFUMBIRA;NYARUSIZA;21UGA009003;;21UGA00900314
6906;3723;KISORO;KISORO MUNICIPALITY;SOUTHERN DIVISION;21UGA009003;;21UGA00900317
162;3678;KISORO;BUFUMBIRA;BUKIMBIRI;21UGA009003;;21UGA00900301
788;827;RUBANDA;RUBANDA;MUKO;21UGA009004;;21UGA00900406
7117;5084;RUBANDA;RUBANDA;HAMURWA TOWN COUNCIL;21UGA009004;;21UGA00900404
1037;4598;RUBANDA;RUBANDA;RUHIJA;21UGA009004;;21UGA00900409
1172;3590;RUBANDA;RUBANDA;RUBANDA TOWN COUNCIL;21UGA009004;;21UGA00900408
254;3771;RUBANDA;RUBANDA;IKUMBA;21UGA009004;;21UGA00900405
1344;3747;RUBANDA;RUBANDA;NYAMWERU;21UGA009004;;21UGA00900407
1907;3574;RUBANDA;RUBANDA;HAMURWA;21UGA009004;;21UGA00900403
624;3626;RUBANDA;RUBANDA;BUFUNDI;21UGA009004;;21UGA00900402
823;4400;RUBANDA;RUBANDA;BUBAARE;21UGA009004;;21UGA00900401
881;4429;RUKIGA;RUKIGA;KAMWEZI;21UGA009005;;21UGA00900502
930;4482;RUKIGA;RUKIGA;BUKINDA;21UGA009005;;21UGA00900501
125;3645;RUKIGA;RUKIGA;RWAMUCUCU;21UGA009005;;21UGA00900505
71;3586;RUKIGA;RUKIGA;KASHAMBYA;21UGA009005;;21UGA00900503
1604;5104;RUKIGA;RUKIGA;MUHANGA TOWN COUNCIL;21UGA009005;;21UGA00900504
7207;5077;RUKUNGIRI;BUJUMBURA;NYAKAGYEME;21UGA009006;;21UGA00900609
1955;5163;RUKUNGIRI;RUBABO;BUYANJA TOWN COUNCIL;21UGA009006;;21UGA00900604
1406;4693;RUKUNGIRI;RUBABO;KEBISONI;21UGA009006;;21UGA00900607
6901;4774;RUKUNGIRI;RUBABO;BUYANJA;21UGA009006;;21UGA00900603
1550;5055;RUKUNGIRI;RUBABO;NYARUSHANJE;21UGA009006;;21UGA00900611
349;3873;RUKUNGIRI;RUKUNGIRI MUNICIPALITY;WESTERN;21UGA009006;;21UGA00900614
3119;4804;RUKUNGIRI;RUKUNGIRI MUNICIPALITY;SOUTHERN;21UGA009006;;21UGA00900613
7333;9573;RUKUNGIRI;RUBABO;NYAKISHENYI;21UGA009006;;21UGA00900610
994;4544;RUKUNGIRI;BUJUMBURA;BWAMBARA;21UGA009006;;21UGA00900605
7339;3923;RUKUNGIRI;BUJUMBURA;BUGANGARI;21UGA009006;;21UGA00900601
230;3746;RUKUNGIRI;BUJUMBURA;RUHINDA;21UGA009006;;21UGA00900612
1536;4657;RUKUNGIRI;RUBABO;KEBISONI TOWN COUNCIL;21UGA009006;;21UGA00900608
1020;4580;RUKUNGIRI;BUJUMBURA;BUHUNGA;21UGA009006;;21UGA00900602
522;9575;RUKUNGIRI;RUKUNGIRI MUNICIPALITY;EASTERN;21UGA009006;Eastern Divison;21UGA00900606
2062;2272;ALEBTONG;MOROTO;ALEBTONG TOWN COUNCIL;21UGA010001;;21UGA01000104
518;2362;ALEBTONG;MOROTO;AKURA;21UGA010001;;21UGA01000103
6948;9591;ALEBTONG;MOROTO;ABIA;21UGA010001;;21UGA01000102
148;9588;ALEBTONG;MOROTO;OMORO;21UGA010001;;21UGA01000109
43;1943;ALEBTONG;MOROTO;APALA;21UGA010001;;21UGA01000107
7260;9593;ALEBTONG;MOROTO;ALOI;21UGA010001;;21UGA01000105
1090;2860;ALEBTONG;MOROTO;ABAKO;21UGA010001;;21UGA01000101
3416;3303;ALEBTONG;MOROTO;AMUGO;21UGA010001;Amugu;21UGA01000106
847;2685;ALEBTONG;MOROTO;AWEI;21UGA010001;;21UGA01000108
618;2462;AMOLATAR;KIOGA;ARWOTCEK;21UGA010002;;21UGA01000206
7382;3410;AMOLATAR;KIOGA;AGWINGIRI;21UGA010002;;21UGA01000202
2552;2537;AMOLATAR;KIOGA;NAMASALE;21UGA010002;;21UGA01000210
969;2784;AMOLATAR;KIOGA;ETAM;21UGA010002;;21UGA01000208
2198;2224;AMOLATAR;KIOGA;AMOLATAR TOWN COUNCIL;21UGA010002;;21UGA01000204
1476;3206;AMOLATAR;KIOGA;AWELO;21UGA010002;;21UGA01000207
1729;3395;AMOLATAR;KIOGA;NAMASALE TOWN COUNCIL;21UGA010002;;21UGA01000211
1804;3461;AMOLATAR;KIOGA;MUNTU;21UGA010002;;21UGA01000209
860;2694;AMOLATAR;KIOGA;AGIKDAK;21UGA010002;;21UGA01000201
1359;3092;AMOLATAR;KIOGA;AKWON;21UGA010002;;21UGA01000203
1571;3287;AMOLATAR;KIOGA;APUTI;21UGA010002;;21UGA01000205
202;2090;APAC;MARUZI;AKOKORO;21UGA010003;;21UGA01000301
562;2402;APAC;MARUZI;IBUJE;21UGA010003;;21UGA01000305
3087;2827;APAC;APAC MUNICIPALITY;APAC;21UGA010003;;21UGA01000302
1532;3258;APAC;MARUZI;CHEGERE;21UGA010003;;21UGA01000304
3113;618;APAC;APAC MUNICIPALITY;APAC TOWN COUNCIL;21UGA010003;;21UGA01000303
6771;2568;DOKOLO;DOKOLO;KWERA;21UGA010004;;21UGA01000409
639;2178;DOKOLO;DOKOLO;DOKOLO TOWN COUNCIL;21UGA010004;;21UGA01000407
6742;3068;DOKOLO;DOKOLO;ADOK;21UGA010004;;21UGA01000402
7132;3230;DOKOLO;DOKOLO;BATTA;21UGA010004;;21UGA01000405
2270;2299;DOKOLO;DOKOLO;OKWONGODUL;21UGA010004;;21UGA01000411
813;2663;DOKOLO;DOKOLO;OKWALONGWEN;21UGA010004;;21UGA01000410
6953;3057;DOKOLO;DOKOLO;DOKOLO;21UGA010004;;21UGA01000406
1669;2679;DOKOLO;DOKOLO;ADEKNINO;21UGA010004;;21UGA01000401
1421;3152;DOKOLO;DOKOLO;KANGAI;21UGA010004;;21UGA01000408
1627;3337;DOKOLO;DOKOLO;AMWOMA;21UGA010004;;21UGA01000404
7482;2018;DOKOLO;DOKOLO;AGWATA;21UGA010004;;21UGA01000403
39;1935;KOLE;KOLE;ALITO;21UGA010005;;21UGA01000503
7327;3481;KOLE;KOLE;KOLE TOWN COUNCIL;21UGA010005;Kole;21UGA01000506
1875;2185;KOLE;KOLE;OKWERODOT;21UGA010005;;21UGA01000507
1525;3199;KOLE;KOLE;BALA;21UGA010005;;21UGA01000505
1526;3252;KOLE;KOLE;ABOKE;21UGA010005;;21UGA01000501
872;2706;KOLE;KOLE;AKALO;21UGA010005;;21UGA01000502
2659;2632;KOLE;KOLE;AYER;21UGA010005;;21UGA01000504
422;2294;KWANIA;KWANIA;NAMBEISO;21UGA010006;Nambieso;21UGA01000606
973;2786;KWANIA;KWANIA;ADUKU;21UGA010006;;21UGA01000602
457;572;KWANIA;KWANIA;ABONGOMOLA;21UGA010006;;21UGA01000601
392;2259;KWANIA;KWANIA;CHAWENTE;21UGA010006;;21UGA01000604
1232;3146;KWANIA;KWANIA;ADUKU TOWN COUNCIL;21UGA010006;;21UGA01000603
156;2045;KWANIA;KWANIA;INOMO;21UGA010006;;21UGA01000605
7343;3383;LIRA;ERUTE;AROMO;21UGA010007;;21UGA01000706
272;2165;LIRA;ERUTE;AGALI;21UGA010007;;21UGA01000703
524;2365;LIRA;ERUTE;BARR;21UGA010007;;21UGA01000707
418;2289;LIRA;ERUTE;AMACH;21UGA010007;;21UGA01000705
3807;1927;LIRA;ERUTE;AGWENG;21UGA010007;;21UGA01000704
857;2692;LIRA;LIRA MUNICIPALITY;ADYEL DIVISION;21UGA010007;;21UGA01000702
6783;2865;LIRA;LIRA MUNICIPALITY;OJWINA DIVISION;21UGA010007;;21UGA01000712
2761;2727;LIRA;ERUTE;LIRA;21UGA010007;;21UGA01000709
1066;2844;LIRA;ERUTE;ADEKOKWOK;21UGA010007;;21UGA01000701
1280;598;LIRA;ERUTE;OGUR;21UGA010007;ogor;21UGA01000711
453;569;LIRA;LIRA MUNICIPALITY;CENTRAL DIVISION;21UGA010007;;21UGA01000708
2153;2209;LIRA;LIRA MUNICIPALITY;RAILWAYS DIVISION;21UGA010007;Railway Division;21UGA01000713
922;2108;LIRA;ERUTE;NGETTA;21UGA010007;;21UGA01000710
2329;2343;OTUKE;OTUKE;ALANGO;21UGA010008;;21UGA01000802
235;2122;OTUKE;OTUKE;ADWARI;21UGA010008;;21UGA01000801
105;2007;OTUKE;OTUKE;OLILIM;21UGA010008;;21UGA01000806
6914;3239;OTUKE;OTUKE;OTUKE TOWN COUNCIL;21UGA010008;Otuke T.C***;21UGA01000808
2936;2868;OTUKE;OTUKE;OGUR;21UGA010008;Ogor;21UGA01000803
993;2798;OTUKE;OTUKE;OGWETE;21UGA010008;Ogwette;21UGA01000804
1617;3327;OTUKE;OTUKE;ORUM;21UGA010008;;21UGA01000807
91;1982;OTUKE;OTUKE;OKWANG;21UGA010008;;21UGA01000805
1941;1991;OYAM;OYAM;ABER;21UGA010009;;21UGA01000901
839;2087;OYAM;OYAM;ALEKA;21UGA010009;;21UGA01000904
365;2230;OYAM;OYAM;MYENE;21UGA010009;;21UGA01000909
229;2117;OYAM;OYAM;LORO;21UGA010009;;21UGA01000907
852;2689;OYAM;OYAM;KAMDINI;21UGA010009;;21UGA01000906
416;2288;OYAM;OYAM;ABOK;21UGA010009;;21UGA01000902
5974;2253;OYAM;OYAM;OYAM TOWN COUNCIL;21UGA010009;Oyam;21UGA01000912
7380;3409;OYAM;OYAM;NGAI;21UGA010009;;21UGA01000910
609;2455;OYAM;OYAM;OTWAL;21UGA010009;;21UGA01000911
44;1944;OYAM;OYAM;MINAKULU;21UGA010009;;21UGA01000908
396;2266;OYAM;OYAM;ACABA;21UGA010009;;21UGA01000903
7244;2943;OYAM;OYAM;ICEME;21UGA010009;;21UGA01000905
1078;1345;BUIKWE;NJERU MUNICIPALITY;NJERU DIVISION;21UGA011001;Njeru Town Council;21UGA01100108
141;709;BUIKWE;LUGAZI MUNICIPALITY;KAWOLO DIVISION;21UGA011001;;21UGA01100104
1573;1736;BUIKWE;BUIKWE;NKOKONJERU TOWN COUNCIL;21UGA011001;;21UGA01100109
2073;359;BUIKWE;BUIKWE;BUIKWE;21UGA011001;;21UGA01100101
5436;1285;BUIKWE;BUIKWE;NAJJA;21UGA011001;;21UGA01100105
1013;493;BUIKWE;LUGAZI MUNICIPALITY;NAJJEMBE DIVISION;21UGA011001;;21UGA01100106
1044;1321;BUIKWE;NJERU MUNICIPALITY;WAKISI DIVISION;21UGA011001;Wakisi;21UGA01100112
6730;1347;BUIKWE;BUIKWE;BUIKWE TOWN COUNCIL;21UGA011001;;21UGA01100102
1330;1552;BUIKWE;NJERU MUNICIPALITY;NYENGA DIVISION;21UGA011001;Nyenga;21UGA01100110
195;326;BUIKWE;BUIKWE;SSI BUKUNJA;21UGA011001;Ssi-Bukunja;21UGA01100111
2018;314;BUIKWE;BUIKWE;NGOGWE;21UGA011001;;21UGA01100107
745;862;BUIKWE;LUGAZI MUNICIPALITY;CENTRAL DIVISION;21UGA011001;;21UGA01100103
18;178;BUVUMA;BUVUMA;LWAJJE;21UGA011002;;21UGA01100207
146;284;BUVUMA;BUVUMA;BUSAMUZI;21UGA011002;;21UGA01100202
1134;165;BUVUMA;BUVUMA;BUWOOYA;21UGA011002;;21UGA01100204
874;721;BUVUMA;BUVUMA;BUVUMA TOWN COUNCIL;21UGA011002;;21UGA01100203
1220;1463;BUVUMA;BUVUMA;NAIRAMBI;21UGA011002;;21UGA01100209
74;230;BUVUMA;BUVUMA;LUBYA;21UGA011002;;21UGA01100206
658;1004;BUVUMA;BUVUMA;BWEEMA;21UGA011002;;21UGA01100205
2608;1104;BUVUMA;BUVUMA;LYABAANA;21UGA011002;;21UGA01100208
6937;1517;BUVUMA;BUVUMA;BUGAYA;21UGA011002;;21UGA01100201
112;266;KASSANDA;KASSANDA;BUKUYA;21UGA011003;;21UGA01100301
7111;1656;KASSANDA;KASSANDA;KIGANDA;21UGA011003;;21UGA01100304
3825;280;KASSANDA;KASSANDA;NALUTUNTU;21UGA011003;;21UGA01100309
7450;541;KASSANDA;KASSANDA;MANYOGASEKA;21UGA011003;;21UGA01100307
1069;1341;KASSANDA;KASSANDA;KALWANA;21UGA011003;;21UGA01100302
6772;1379;KASSANDA;KASSANDA;MYANZI;21UGA011003;;21UGA01100308
674;1025;KASSANDA;KASSANDA;KASSANDA;21UGA011003;;21UGA01100303
1537;1699;KASSANDA;KASSANDA;MAKOKOTO;21UGA011003;;21UGA01100306
89;241;KASSANDA;KASSANDA;KITUMBI;21UGA011003;;21UGA01100305
1117;1381;KAYUNGA;NTENJERU;NAZIGO;21UGA011004;;21UGA01100409
106;260;KAYUNGA;BBAALE;KAYONZA;21UGA011004;;21UGA01100405
6968;1546;KAYUNGA;BBAALE;BBAALE;21UGA011004;;21UGA01100401
6733;1350;KAYUNGA;NTENJERU;KANGULUMIRA;21UGA011004;;21UGA01100404
1026;7594;KAYUNGA;NTENJERU;BUSANA;21UGA011004;Busaana;21UGA01100402
175;310;KAYUNGA;BBAALE;GALIRAAYA;21UGA011004;Galiraya;21UGA01100403
1528;1695;KAYUNGA;BBAALE;KITIMBWA;21UGA011004;;21UGA01100408
2334;1766;KAYUNGA;NTENJERU;KAYUNGA TOWN COUNCIL;21UGA011004;;21UGA01100407
382;470;KAYUNGA;NTENJERU;KAYUNGA;21UGA011004;;21UGA01100406
3115;1505;KIBOGA;KIBOGA;KAPEKE;21UGA011005;;21UGA01100504
1097;1367;KIBOGA;KIBOGA;KIBOGA TOWN COUNCIL;21UGA011005;;21UGA01100506
554;882;KIBOGA;KIBOGA;BUKOMERO;21UGA011005;;21UGA01100501
501;710;KIBOGA;KIBOGA;DWANIRO;21UGA011005;;21UGA01100503
2567;1057;KIBOGA;KIBOGA;KIBIGA;21UGA011005;;21UGA01100505
6910;1486;KIBOGA;KIBOGA;LWAMATA;21UGA011005;;21UGA01100507
7194;1728;KIBOGA;KIBOGA;BUKOMERO TOWN COUNCIL;21UGA011005;;21UGA01100502
170;1230;KIBOGA;KIBOGA;MUWANGA;21UGA011005;;21UGA01100508
7122;1870;KYANKWANZI;KIBOGA;BYERIMA;21UGA011006;;21UGA01100604
7444;535;KYANKWANZI;KIBOGA;MULAGI;21UGA011006;;21UGA01100608
6938;1519;KYANKWANZI;KIBOGA;GAYAZA;21UGA011006;;21UGA01100605
1015;1299;KYANKWANZI;KIBOGA;BANANYWA;21UGA011006;;21UGA01100601
2075;360;KYANKWANZI;KIBOGA;NTWETWE  TOWN  COUNCIL;21UGA011006;Ntwetwe  Town Council;21UGA01100612
2243;483;KYANKWANZI;KIBOGA;NTWETWE;21UGA011006;;21UGA01100611
31;189;KYANKWANZI;KIBOGA;NSAMBYA;21UGA011006;;21UGA01100610
602;934;KYANKWANZI;KIBOGA;KYANKWANZI;21UGA011006;;21UGA01100606
654;998;KYANKWANZI;KIBOGA;BUTEMBA  TOWN COUNCIL;21UGA011006;Butemba Town Council;21UGA01100603
840;1203;KYANKWANZI;KIBOGA;WATTUBA;21UGA011006;;21UGA01100613
1446;1637;KYANKWANZI;KIBOGA;KYANKWANZI TOWN COUNCIL;21UGA011006;;21UGA01100607
6360;9411;KYANKWANZI;KIBOGA;BUTEMBA;21UGA011006;;21UGA01100602
273;380;KYANKWANZI;KIBOGA;NKANDWA;21UGA011006;;21UGA01100609
56;212;LUWERO;KATIKAMU;MAKULUBITA;21UGA011007;;21UGA01100710
33;191;LUWERO;KATIKAMU;BUTUNTUMULA;21UGA011007;;21UGA01100703
6941;1520;LUWERO;KATIKAMU;KATIKAMU;21UGA011007;;21UGA01100706
7391;1860;LUWERO;BAMUNANIKA;KIKYUSA;21UGA011007;;21UGA01100707
907;1223;LUWERO;BAMUNANIKA;KALAGALA;21UGA011007;;21UGA01100704
543;867;LUWERO;KATIKAMU;LUWERO;21UGA011007;;21UGA01100708
776;1137;LUWERO;KATIKAMU;BOMBO TOWN COUNCIL;21UGA011007;;21UGA01100702
689;974;LUWERO;BAMUNANIKA;ZIROBWE;21UGA011007;;21UGA01100713
66;223;LUWERO;BAMUNANIKA;KAMIRA;21UGA011007;;21UGA01100705
24;183;LUWERO;KATIKAMU;LUWERO TOWN COUNCIL;21UGA011007;Luweero Town Council;21UGA01100709
123;515;LUWERO;BAMUNANIKA;BAMUNANIKA;21UGA011007;;21UGA01100701
921;1228;LUWERO;KATIKAMU;NYIMBWA;21UGA011007;;21UGA01100711
68;225;LUWERO;KATIKAMU;WOBULENZI TOWN COUNCIL;21UGA011007;;21UGA01100712
1136;1399;MITYANA;MITYANA;NAMUNGO;21UGA011008;;21UGA01100812
6903;753;MITYANA;MITYANA;KIKANDWA;21UGA011008;;21UGA01100809
707;1059;MITYANA;BUSUJJU;MAANYI;21UGA011008;;21UGA01100810
2103;381;MITYANA;BUSUJJU;BUTAYUNJA;21UGA011008;;21UGA01100805
1962;1013;MITYANA;MITYANA;SSEKANYONYI;21UGA011008;;21UGA01100813
607;941;MITYANA;BUSUJJU;KAKINDU;21UGA011008;;21UGA01100807
294;395;MITYANA;MITYANA;KALANGALO;21UGA011008;Kalangaalo;21UGA01100808
70;1385;MITYANA;MITYANA MUNICIPALITY;CENTRAL DIVISION;21UGA011008;;21UGA01100806
323;422;MITYANA;MITYANA;BULERA;21UGA011008;;21UGA01100802
620;955;MITYANA;MITYANA MUNICIPALITY;BUSIMBI DIVISION;21UGA011008;;21UGA01100803
1291;1510;MITYANA;BUSUJJU;BANDA;21UGA011008;;21UGA01100801
604;935;MITYANA;MITYANA MUNICIPALITY;TTAMU DIVISION;21UGA011008;;21UGA01100814
918;1227;MITYANA;BUSUJJU;MALANGALA;21UGA011008;;21UGA01100811
408;1343;MITYANA;MITYANA;BUSUNJU TOWN COUNCIL;21UGA011008;;21UGA01100804
210;342;MUBENDE;BUWEKULA;MADUDU;21UGA011009;;21UGA01100909
3252;1607;MUBENDE;MUBENDE MUNICIPALITY;EASTERN DIVISION;21UGA011009;;21UGA01100903
1143;1406;MUBENDE;BUWEKULA;KITEGA;21UGA011009;Kitenga;21UGA01100907
23;182;MUBENDE;KASAMBYA;KIGANDO;21UGA011009;;21UGA01100906
1768;1872;MUBENDE;MUBENDE MUNICIPALITY;WESTERN DIVISION;21UGA011009;;21UGA01100912
1146;1413;MUBENDE;KASAMBYA;BAGEZZA;21UGA011009;;21UGA01100901
7218;1744;MUBENDE;KASAMBYA;NABINGOOLA;21UGA011009;;21UGA01100910
7152;1694;MUBENDE;KASAMBYA;KIBALINGA;21UGA011009;;21UGA01100905
83;238;MUBENDE;BUWEKULA;KIYUNI;21UGA011009;;21UGA01100908
129;307;MUBENDE;KASAMBYA;KASAMBYA;21UGA011009;;21UGA01100904
1547;1708;MUBENDE;MUBENDE MUNICIPALITY;SOUTHERN DIVISION;21UGA011009;;21UGA01100911
351;444;MUBENDE;BUWEKULA;BUTOOLOGO;21UGA011009;Butoloogo;21UGA01100902
423;497;MUKONO;NAKIFUMA;SEETA NAMUGANGA;21UGA011010;;21UGA01101015
474;695;MUKONO;NAKIFUMA;NAGOJJE;21UGA011010;;21UGA01101010
319;417;MUKONO;MUKONO MUNICIPALITY;CENTRAL DIVISION;21UGA011010;;21UGA01101001
352;445;MUKONO;NAKIFUMA;NABBAALE;21UGA011010;;21UGA01101009
1239;1472;MUKONO;NAKIFUMA;NTUNDA;21UGA011010;;21UGA01101014
2522;1012;MUKONO;MUKONO MUNICIPALITY;GOMA DIVISION;21UGA011010;;21UGA01101002
73;229;MUKONO;NAKIFUMA;KIMENYEDDE;21UGA011010;;21UGA01101004
6732;1349;MUKONO;MUKONO;KYAMPISI;21UGA011010;;21UGA01101006
1710;1810;MUKONO;NAKIFUMA;KASAWO;21UGA011010;;21UGA01101003
778;1141;MUKONO;MUKONO;MPATTA;21UGA011010;;21UGA01101007
668;1014;MUKONO;MUKONO;MPUNGE;21UGA011010;;21UGA01101008
1192;1442;MUKONO;MUKONO;NAKISUNGA;21UGA011010;;21UGA01101011
2032;327;MUKONO;MUKONO;KOOME;21UGA011010;Koome Island;21UGA01101005
1868;197;MUKONO;MUKONO;NAMA;21UGA011010;;21UGA01101012
2422;928;MUKONO;MUKONO;NTENJERU;21UGA011010;;21UGA01101013
625;964;NAKASEKE;NAKASEKE;KAPEEKA;21UGA011011;;21UGA01101102
1419;9491;NAKASEKE;NAKASEKE;KIKAMULO;21UGA011011;;21UGA01101104
1993;295;NAKASEKE;NAKASEKE;KINONI;21UGA011011;;21UGA01101105
1382;1580;NAKASEKE;NAKASEKE;SEMUTO;21UGA011011;;21UGA01101113
2472;971;NAKASEKE;NAKASEKE;KIWOKO TOWN COUNCIL;21UGA011011;;21UGA01101108
2159;419;NAKASEKE;NAKASEKE;WAKYATO;21UGA011011;;21UGA01101115
94;245;NAKASEKE;NAKASEKE;NGOMA TOWN COUNCIL;21UGA011011;;21UGA01101112
455;680;NAKASEKE;NAKASEKE;KASANGOMBE;21UGA011011;;21UGA01101103
6887;1482;NAKASEKE;NAKASEKE;NGOMA;21UGA011011;;21UGA01101111
4682;1239;NAKASEKE;NAKASEKE;NAKASEKE TOWN COUNCIL;21UGA011011;;21UGA01101110
227;355;NAKASEKE;NAKASEKE;BUTALANGU TOWN COUNCIL;21UGA011011;;21UGA01101101
461;684;NAKASEKE;NAKASEKE;KINYOGOGA;21UGA011011;;21UGA01101106
49;1521;NAKASEKE;NAKASEKE;NAKASEKE;21UGA011011;;21UGA01101109
4497;1115;NAKASEKE;NAKASEKE;SEMUTO TOWN COUNCIL;21UGA011011;;21UGA01101114
4415;1047;NAKASEKE;NAKASEKE;KITO;21UGA011011;;21UGA01101107
632;424;NAKASONGOLA;BULURI;KALUNGI;21UGA011012;;21UGA01101204
2637;9776;NAKASONGOLA;BULURI;WABINYONYI;21UGA011012;;21UGA01101211
708;1000;NAKASONGOLA;BULURI;KAKOOGE;21UGA011012;;21UGA01101201
1227;1793;NAKASONGOLA;BULURI;LWABIYATA;21UGA011012;;21UGA01101205
3677;1290;NAKASONGOLA;BULURI;MIGEERA TOWN COUNCIL;21UGA011012;;21UGA01101207
443;1574;NAKASONGOLA;BULURI;NABISWERA;21UGA011012;Nabisweera;21UGA01101208
126;1271;NAKASONGOLA;BULURI;KALONGO;21UGA011012;;21UGA01101203
2383;1811;NAKASONGOLA;BULURI;KAKOOGE TOWN COUNCIL;21UGA011012;;21UGA01101202
3806;1389;NAKASONGOLA;BULURI;NAKASONGOLA TOWN COUNCIL;21UGA011012;Nakasongola;21UGA01101209
1808;1254;NAKASONGOLA;BULURI;LWAMPANGA;21UGA011012;;21UGA01101206
107;1616;NAKASONGOLA;BULURI;NAKITOMA;21UGA011012;;21UGA01101210
6539;1320;WAKISO;KIRA MUNICIPALITY;NAMUGONGO DIVISION;21UGA011013;;21UGA01101323
2020;318;WAKISO;NANSANA MUNICIPALITY;NABWERU DIVISION;21UGA011013;;21UGA01101320
842;1205;WAKISO;BUSIRO;KASANJE;21UGA011013;;21UGA01101312
209;341;WAKISO;BUSIRO;MENDE;21UGA011013;;21UGA01101319
1578;1738;WAKISO;SSABAGABO-MAKINDYE MUNICIPALITY;NDEJJE DIVISION;21UGA011013;Ndeija;21UGA01101325
40;198;WAKISO;BUSIRO;KAKIRI TOWN COUNCIL;21UGA011013;;21UGA01101310
341;439;WAKISO;BUSIRO;KYENGERA TOWN COUNCIL;21UGA011013;;21UGA01101315
2604;1101;WAKISO;BUSIRO;MASULITA;21UGA011013;Masuliita;21UGA01101317
1839;1908;WAKISO;BUSIRO;WAKISO;21UGA011013;;21UGA01101326
358;447;WAKISO;NANSANA MUNICIPALITY;BUSUKUMA DIVISION;21UGA011013;;21UGA01101303
1175;1427;WAKISO;ENTEBBE MUNICIPALITY;DIVISION A;21UGA011013;;21UGA01101305
81;237;WAKISO;ENTEBBE MUNICIPALITY;DIVISION B;21UGA011013;;21UGA01101306
886;727;WAKISO;BUSIRO;NAMAYUMBA;21UGA011013;;21UGA01101321
278;385;WAKISO;KIRA MUNICIPALITY;BWEYOGERERE DIVISION;21UGA011013;;21UGA01101304
727;1179;WAKISO;KYADONDO;KASANGATI TOWN COUNCIL;21UGA011013;;21UGA01101311
1076;1344;WAKISO;BUSIRO;BUSSI;21UGA011013;;21UGA01101302
234;357;WAKISO;NANSANA MUNICIPALITY;NANSANA DIVISION;21UGA011013;;21UGA01101324
119;268;WAKISO;BUSIRO;KAJJANSI TOWN COUNCIL;21UGA011013;;21UGA01101308
236;745;WAKISO;BUSIRO;NAMAYUMBA TOWN COUNCIL;21UGA011013;;21UGA01101322
190;322;WAKISO;KIRA MUNICIPALITY;KIRA DIVISION;21UGA011013;;21UGA01101314
2840;1283;WAKISO;SSABAGABO-MAKINDYE MUNICIPALITY;MASAJJA DIVISION;21UGA011013;;21UGA01101316
62;220;WAKISO;BUSIRO;WAKISO TOWN COUNCIL;21UGA011013;;21UGA01101327
2240;480;WAKISO;BUSIRO;KATABI TOWN COUNCIL;21UGA011013;Katabi;21UGA01101313
1592;1747;WAKISO;SSABAGABO-MAKINDYE MUNICIPALITY;BUNAMWAYA DIVISION;21UGA011013;;21UGA01101301
3925;361;WAKISO;BUSIRO;MASULITA TOWN COUNCIL;21UGA011013;Masuliita Town Council;21UGA01101318
2054;352;WAKISO;BUSIRO;KAKIRI;21UGA011013;;21UGA01101309
35;192;WAKISO;NANSANA MUNICIPALITY;GOMBE DIVISION;21UGA011013;;21UGA01101307
549;872;BUKOMANSIMBI;BUKOMANSIMBI;BUTENGA;21UGA012001;;21UGA01200103
3005;1432;BUKOMANSIMBI;BUKOMANSIMBI;KIBINGE;21UGA012001;;21UGA01200104
431;659;BUKOMANSIMBI;BUKOMANSIMBI;BIGASA;21UGA012001;;21UGA01200101
2944;1373;BUKOMANSIMBI;BUKOMANSIMBI;KITANDA;21UGA012001;;21UGA01200105
836;1199;BUKOMANSIMBI;BUKOMANSIMBI;BUKOMANSIMBI TOWN COUNCIL;21UGA012001;Bukomansimbi  Town Council;21UGA01200102
6959;1536;BUTAMBALA;BUTAMBALA;BULO;21UGA012002;;21UGA01200202
405;490;BUTAMBALA;BUTAMBALA;NGANDO;21UGA012002;;21UGA01200206
3053;1474;BUTAMBALA;BUTAMBALA;KIBIBI;21UGA012002;;21UGA01200205
2039;336;BUTAMBALA;BUTAMBALA;GOMBE TOWN COUNCIL;21UGA012002;;21UGA01200203
3693;186;BUTAMBALA;BUTAMBALA;KALAMBA;21UGA012002;;21UGA01200204
2397;908;BUTAMBALA;BUTAMBALA;BUDDE;21UGA012002;;21UGA01200201
821;1185;GOMBA;GOMBA;MPENJA;21UGA012003;;21UGA01200305
626;965;GOMBA;GOMBA;KABULASOKE;21UGA012003;;21UGA01200301
1279;1498;GOMBA;GOMBA;KANONI TOWN COUNCIL;21UGA012003;;21UGA01200302
7120;1661;GOMBA;GOMBA;KYEGONZA;21UGA012003;;21UGA01200303
493;704;GOMBA;GOMBA;MADDU;21UGA012003;;21UGA01200304
497;708;KALANGALA;BUJJUMBA;BUJJUMBA;21UGA012004;Bujumba;21UGA01200403
6969;1548;KALANGALA;KYAMUSWA;MAZINGA;21UGA012004;;21UGA01200406
3347;1688;KALANGALA;KYAMUSWA;KYAMUSWA;21UGA012004;;21UGA01200405
3406;396;KALANGALA;BUJJUMBA;KALANGALA TOWN COUNCIL;21UGA012004;;21UGA01200404
434;664;KALANGALA;KYAMUSWA;BUFUMIRA;21UGA012004;;21UGA01200402
2179;438;KALANGALA;KYAMUSWA;BUBEKE;21UGA012004;;21UGA01200401
1499;1830;KALANGALA;BUJJUMBA;MUGOYE;21UGA012004;;21UGA01200407
892;731;KALUNGU;KALUNGU;BUKULULA;21UGA012005;;21UGA01200501
64;221;KALUNGU;KALUNGU;LWABENGE;21UGA012005;;21UGA01200507
858;9181;KALUNGU;KALUNGU;KYAMULIBWA TOWN COUNCIL;21UGA012005;;21UGA01200504
1398;1596;KALUNGU;KALUNGU;KYAMULIIBWA;21UGA012005;Kyamulibwa;21UGA01200505
4262;1529;KALUNGU;KALUNGU;KALUNGU TOWN COUNCIL;21UGA012005;;21UGA01200503
2416;921;KALUNGU;KALUNGU;KALUNGU;21UGA012005;;21UGA01200502
6018;499;KALUNGU;KALUNGU;LUKAYA TOWN COUNCIL;21UGA012005;;21UGA01200506
53;204;KYOTERA;KYOTERA;KYOTERA TOWN COUNCIL;21UGA012006;;21UGA01200606
52;982;KYOTERA;KYOTERA;KASAALI;21UGA012006;;21UGA01200604
207;340;KYOTERA;KYOTERA;NABIGASA;21UGA012006;;21UGA01200608
2079;364;KYOTERA;KYOTERA;LWANKONI;21UGA012006;;21UGA01200607
1315;1532;KYOTERA;KYOTERA;KALISIZO;21UGA012006;;21UGA01200602
1490;1670;KYOTERA;KYOTERA;KABIRA;21UGA012006;;21UGA01200601
7404;1878;KYOTERA;KYOTERA;KIRUMBA;21UGA012006;;21UGA01200605
194;325;KYOTERA;KYOTERA;KALISIZO TOWN COUNCIL;21UGA012006;;21UGA01200603
1651;514;LWENGO;BUKOTO;KYAZANGA TOWN COUNCIL;21UGA012007;;21UGA01200704
551;9412;LWENGO;BUKOTO;LWENGO;21UGA012007;;21UGA01200705
268;752;LWENGO;BUKOTO;LWENGO TOWN COUNCIL;21UGA012007;;21UGA01200706
224;353;LWENGO;BUKOTO;KYAZANGA;21UGA012007;;21UGA01200703
421;496;LWENGO;BUKOTO;MALONGO;21UGA012007;;21UGA01200707
400;485;LWENGO;BUKOTO;KKINGO;21UGA012007;;21UGA01200702
3362;1697;LWENGO;BUKOTO;NDAGWE;21UGA012007;;21UGA01200708
7388;1070;LWENGO;BUKOTO;KISEKKA;21UGA012007;;21UGA01200701
7124;1666;LYANTONDE;KABULA;LYANTONDE TOWN COUNCIL;21UGA012008;;21UGA01200805
312;411;LYANTONDE;KABULA;KINUUKA;21UGA012008;;21UGA01200803
854;1213;LYANTONDE;KABULA;LYANTONDE SC;21UGA012008;;21UGA01200804
494;1371;LYANTONDE;KABULA;MPUMUDDE;21UGA012008;;21UGA01200806
1145;1412;LYANTONDE;KABULA;KALIIRO;21UGA012008;;21UGA01200801
1704;1807;LYANTONDE;KABULA;KASAGAMA;21UGA012008;;21UGA01200802
3785;250;MASAKA;BUKOTO;BUKAKATA;21UGA012009;;21UGA01200901
1067;1340;MASAKA;BUKOTO;KABONERA;21UGA012009;;21UGA01200903
1976;278;MASAKA;MASAKA MUNICIPALITY;NYENDO-SSENYANGE;21UGA012009;Nyendo-Ssenyange Division;21UGA01200909
1766;1871;MASAKA;MASAKA MUNICIPALITY;KATWE-BUTEGO;21UGA012009;Katwe-Butego Division;21UGA01200904
300;401;MASAKA;BUKOTO;BUWUNGA;21UGA012009;;21UGA01200902
203;337;MASAKA;BUKOTO;KYANAMUKAAKA;21UGA012009;;21UGA01200906
3784;249;MASAKA;MASAKA MUNICIPALITY;KIMAANYA-KYABAKUZA;21UGA012009;Kimaanya-Kyabakuza Division;21UGA01200905
957;656;MASAKA;BUKOTO;KYESIIGA;21UGA012009;;21UGA01200907
204;338;MASAKA;BUKOTO;MUKUNGWE;21UGA012009;;21UGA01200908
1268;1487;MPIGI;MAWOKOTA;KITUNTU;21UGA012010;;21UGA01201004
7129;1674;MPIGI;MAWOKOTA;KAMMENGO;21UGA012010;;21UGA01201002
6750;1391;MPIGI;MAWOKOTA;MUDUUMA;21UGA012010;;21UGA01201006
22;181;MPIGI;MAWOKOTA;MPIGI TOWN COUNCIL;21UGA012010;MPIGI;21UGA01201005
437;1110;MPIGI;MAWOKOTA;BUWAMA;21UGA012010;;21UGA01201001
185;317;MPIGI;MAWOKOTA;NKOZI;21UGA012010;;21UGA01201007
1698;1802;MPIGI;MAWOKOTA;KIRINGENTE;21UGA012010;;21UGA01201003
2006;306;RAKAI;KOOKI;RAKAI TOWN COUNCIL;21UGA012011;Rakai Total;21UGA01201114
96;253;RAKAI;KOOKI;BYAKABANDA;21UGA012011;;21UGA01201101
1760;1863;RAKAI;KOOKI;KAGAMBA;21UGA012011;;21UGA01201104
191;1106;RAKAI;KAKUUTO;KAKUUTO;21UGA012011;;21UGA01201105
476;876;RAKAI;KOOKI;KYALULANGIRA;21UGA012011;;21UGA01201110
122;269;RAKAI;KOOKI;DDWANIRO;21UGA012011;;21UGA01201102
542;866;RAKAI;KAKUUTO;KASASA;21UGA012011;;21UGA01201106
7221;1745;RAKAI;KAKUUTO;KIFAMBA;21UGA012011;;21UGA01201108
741;1099;RAKAI;KAKUUTO;KIBANDA;21UGA012011;;21UGA01201107
397;481;RAKAI;KOOKI;LWAMAGGWA;21UGA012011;;21UGA01201112
7123;1665;RAKAI;KOOKI;KIZIBA;21UGA012011;;21UGA01201109
527;853;RAKAI;KOOKI;LWANDA;21UGA012011;;21UGA01201113
6961;1538;RAKAI;KAKUUTO;KYEBE;21UGA012011;;21UGA01201111
864;1216;RAKAI;KOOKI;KACHEERA;21UGA012011;;21UGA01201103
2437;944;SSEMBABULE;MAWOGOLA;MATEETE  TOWN COUNCIL;21UGA012012;;21UGA01201205
183;316;SSEMBABULE;MAWOGOLA;LWEBITAKULI;21UGA012012;;21UGA01201202
764;414;SSEMBABULE;LWEMIYAGA;NTUSI;21UGA012012;Ntuusi;21UGA01201207
2657;1144;SSEMBABULE;MAWOGOLA;MIJWALA;21UGA012012;;21UGA01201206
803;1166;SSEMBABULE;LWEMIYAGA;LWEMIYAGA;21UGA012012;;21UGA01201203
6769;1378;SSEMBABULE;MAWOGOLA;LUGUSULU;21UGA012012;;21UGA01201201
680;904;SSEMBABULE;MAWOGOLA;SSEMBABULE  TOWN COUNCIL;21UGA012012;Sembabule Town Council;21UGA01201208
1796;1893;SSEMBABULE;MAWOGOLA;MATEETE;21UGA012012;;21UGA01201204
6980;7536;AMURIA;AMURIA;WERA;21UGA013001;;21UGA01300110
512;7101;AMURIA;AMURIA;ORUNGO;21UGA013001;;21UGA01300109
894;7172;AMURIA;AMURIA;AKERIAU;21UGA013001;;21UGA01300102
196;7257;AMURIA;AMURIA;ABARILELA;21UGA013001;;21UGA01300101
719;7369;AMURIA;AMURIA;KUJU;21UGA013001;;21UGA01300106
2174;7413;AMURIA;AMURIA;ASAMUK;21UGA013001;;21UGA01300105
2336;7329;AMURIA;AMURIA;AMURIA TOWN COUNCIL;21UGA013001;;21UGA01300103
29;7069;AMURIA;AMURIA;OGOLAI;21UGA013001;;21UGA01300108
2286;7550;AMURIA;AMURIA;MORUNGATUNY;21UGA013001;;21UGA01300107
51;7431;AMURIA;AMURIA;WILLA;21UGA013001;;21UGA01300111
3964;7352;AMURIA;AMURIA;APEDURU;21UGA013001;;21UGA01300104
109;7432;BUKEDEA;BUKEDEA;KOLIR;21UGA013002;;21UGA01300205
6899;7440;BUKEDEA;BUKEDEA;BUKEDEA;21UGA013002;;21UGA01300201
165;7224;BUKEDEA;BUKEDEA;MALERA;21UGA013002;;21UGA01300206
7219;7279;BUKEDEA;BUKEDEA;BUKEDEA TOWN COUNCIL;21UGA013002;;21UGA01300202
407;7337;BUKEDEA;BUKEDEA;KIDONGOLE;21UGA013002;;21UGA01300204
246;7105;BUKEDEA;BUKEDEA;KACHUMBALA;21UGA013002;;21UGA01300203
1779;7210;KABERAMAIDO;KABERAMAIDO;APERIKIRA;21UGA013003;Aperkira;21UGA01300304
1007;7180;KABERAMAIDO;KALAKI;KALAKI;21UGA013003;;21UGA01300309
3678;7556;KABERAMAIDO;KALAKI;KAKURE;21UGA013003;;21UGA01300308
6964;7519;KABERAMAIDO;KABERAMAIDO;OCHERO;21UGA013003;;21UGA01300311
875;7046;KABERAMAIDO;KALAKI;BULULU;21UGA013003;;21UGA01300305
573;7183;KABERAMAIDO;KALAKI;OTUBOI;21UGA013003;;21UGA01300312
4124;162;KABERAMAIDO;KALAKI;ANYARA;21UGA013003;;21UGA01300302
283;7347;KABERAMAIDO;KABERAMAIDO;KABERAMAIDO;21UGA013003;;21UGA01300306
3190;7299;KABERAMAIDO;KABERAMAIDO;ALWA;21UGA013003;;21UGA01300301
6203;7421;KABERAMAIDO;KABERAMAIDO;KABERAMAIDO TOWN COUNCIL;21UGA013003;Kaberamaido TC;21UGA01300307
843;7540;KABERAMAIDO;KABERAMAIDO;KOBULUBULU;21UGA013003;;21UGA01300310
357;7439;KABERAMAIDO;KALAKI;APAPAI;21UGA013003;;21UGA01300303
2444;7507;KAPELEBYONG;KAPELEBYONG;ACOWA;21UGA013004;;21UGA01300401
795;7478;KAPELEBYONG;KAPELEBYONG;OBALANGA;21UGA013004;;21UGA01300404
7226;7345;KAPELEBYONG;KAPELEBYONG;KAPELEBYONG;21UGA013004;;21UGA01300403
2756;7062;KAPELEBYONG;KAPELEBYONG;AKOROMIT;21UGA013004;;21UGA01300402
1690;7385;KAPELEBYONG;KAPELEBYONG;OKUNGUR;21UGA013004;;21UGA01300405
645;7281;KATAKWI;TOROMA;TOROMA;21UGA013005;;21UGA01300509
486;7074;KATAKWI;USUK;USUK;21UGA013005;Ukusijoni;21UGA01300510
850;7543;KATAKWI;USUK;PALAM;21UGA013005;;21UGA01300508
2826;7178;KATAKWI;USUK;KATAKWI TOWN COUNCIL;21UGA013005;;21UGA01300503
669;7314;KATAKWI;TOROMA;KAPUJAN;21UGA013005;;21UGA01300501
1720;7365;KATAKWI;USUK;ONGONGOJA;21UGA013005;;21UGA01300507
117;7447;KATAKWI;USUK;NGARIAM;21UGA013005;;21UGA01300505
445;7473;KATAKWI;USUK;KATAKWI;21UGA013005;;21UGA01300502
631;7260;KATAKWI;TOROMA;OMODOI;21UGA013005;;21UGA01300506
7493;7408;KATAKWI;TOROMA;MAGORO;21UGA013005;;21UGA01300504
5005;7430;KUMI;KUMI;ONGINO;21UGA013006;;21UGA01300607
26;7065;KUMI;KUMI;KANYUM;21UGA013006;;21UGA01300602
601;7214;KUMI;KUMI;KUMI;21UGA013006;;21UGA01300603
479;7068;KUMI;KUMI;NYERO;21UGA013006;;21UGA01300606
334;7410;KUMI;KUMI;ATUTUR;21UGA013006;;21UGA01300601
1096;7420;KUMI;KUMI MUNICIPALITY;SOUTHERN DIVISION;21UGA013006;;21UGA01300608
649;7286;KUMI;KUMI;MUKONGORO;21UGA013006;;21UGA01300604
197;7459;KUMI;KUMI MUNICIPALITY;NORTHERN DIVISION;21UGA013006;;21UGA01300605
15;7221;NGORA;NGORA;MUKURA;21UGA013007;;21UGA01300703
1031;7202;NGORA;NGORA;KOBWIN;21UGA013007;;21UGA01300702
947;7110;NGORA;NGORA;NGORA;21UGA013007;;21UGA01300704
7340;7412;NGORA;NGORA;KAPIR;21UGA013007;;21UGA01300701
1284;7465;NGORA;NGORA;NGORA TOWN;21UGA013007;Ngora Town Council;21UGA01300705
1226;7179;SERERE;KASILO;BUGONDO;21UGA013008;;21UGA01300802
460;7452;SERERE;SERERE;KYERE;21UGA013008;;21UGA01300806
751;7525;SERERE;SERERE;SERERE TOWN COUNCIL;21UGA013008;SERERE;21UGA01300810
3080;7372;SERERE;KASILO;KASILO TOWN COUNCIL;21UGA013008;;21UGA01300804
95;7160;SERERE;SERERE;OLIO;21UGA013008;;21UGA01300808
205;7269;SERERE;SERERE;ATIIRA;21UGA013008;;21UGA01300801
538;7138;SERERE;KASILO;LABORI;21UGA013008;;21UGA01300807
511;7100;SERERE;KASILO;PINGIRE;21UGA013008;;21UGA01300809
1150;7140;SERERE;SERERE;KATETA;21UGA013008;;21UGA01300805
555;7158;SERERE;KASILO;KADUNGULU;21UGA013008;;21UGA01300803
6927;7472;SOROTI;SOROTI;TUBUR;21UGA013009;;21UGA01300909
1705;7401;SOROTI;SOROTI;KATINE;21UGA013009;;21UGA01300906
6972;7530;SOROTI;SOROTI MUNICIPALITY;NORTHERN DIVISION;21UGA013009;;21UGA01300907
2231;7482;SOROTI;SOROTI;KAMUDA;21UGA013009;;21UGA01300905
1656;7349;SOROTI;SOROTI;ASURET;21UGA013009;;21UGA01300902
876;7048;SOROTI;SOROTI MUNICIPALITY;WESTERN DIVISION;21UGA013009;;21UGA01300910
1356;7553;SOROTI;SOROTI;ARAPAI;21UGA013009;;21UGA01300901
324;7256;SOROTI;SOROTI;GWERI;21UGA013009;;21UGA01300904
1794;7505;SOROTI;SOROTI;SOROTI;21UGA013009;;21UGA01300908
1647;7344;SOROTI;SOROTI MUNICIPALITY;EASTERN DIVISION;21UGA013009;;21UGA01300903
7228;7664;BUNDIBUGYO;BUGHENDERA;BURONDO;21UGA014001;;21UGA01400106
1;3501;BUNDIBUGYO;BUGHENDERA;NGAMBA;21UGA014001;;21UGA01400115
7403;7691;BUNDIBUGYO;BUGHENDERA;KASITU;21UGA014001;;21UGA01400110
1515;7660;BUNDIBUGYO;BUGHENDERA;KAGUGU;21UGA014001;;21UGA01400109
1542;4834;BUNDIBUGYO;BWAMBA;MIRAMBI;21UGA014001;;21UGA01400113
6929;4805;BUNDIBUGYO;BWAMBA;BUBANDI;21UGA014001;;21UGA01400101
2295;4004;BUNDIBUGYO;BUGHENDERA;NDUGUTO;21UGA014001;;21UGA01400114
6764;651;BUNDIBUGYO;BWAMBA;NYAHUKA TOWN COUNCIL;21UGA014001;;21UGA01400118
1746;5271;BUNDIBUGYO;BWAMBA;KIRUMYA;21UGA014001;;21UGA01400111
1910;3580;BUNDIBUGYO;BUGHENDERA;SINDILA;21UGA014001;;21UGA01400119
739;4317;BUNDIBUGYO;BUGHENDERA;BUKONZO;21UGA014001;;21UGA01400103
6931;4808;BUNDIBUGYO;BUGHENDERA;NTOTORO;21UGA014001;Ntoroko;21UGA01400117
161;3674;BUNDIBUGYO;BWAMBA;BUSARU;21UGA014001;;21UGA01400107
1053;4617;BUNDIBUGYO;BWAMBA;BUNDIBUGYO TOWN COUNCIL;21UGA014001;;21UGA01400104
371;7686;BUNDIBUGYO;BUGHENDERA;NTANDI TOWN COUNCIL;21UGA014001;;21UGA01400116
574;4139;BUNDIBUGYO;BUGHENDERA;HARUGALE;21UGA014001;;21UGA01400108
139;7650;BUNDIBUGYO;BWAMBA;BUNDIGOMA;21UGA014001;;21UGA01400105
679;7697;BUNDIBUGYO;BWAMBA;TOKWE;21UGA014001;;21UGA01400120
7445;5337;BUNDIBUGYO;BWAMBA;KISUBBA;21UGA014001;;21UGA01400112
641;7654;BUNDIBUGYO;BWAMBA;BUBUKWANGA;21UGA014001;;21UGA01400102
7209;5260;BUNYANGABU;BUNYANGABU;BUHEESI TOWN COUNCIL;21UGA014002;;21UGA01400202
2260;3954;BUNYANGABU;BUNYANGABU;RWIMI;21UGA014002;;21UGA01400210
7257;5114;BUNYANGABU;BUNYANGABU;RUBONA TOWN COUNCIL;21UGA014002;;21UGA01400209
7386;4799;BUNYANGABU;BUNYANGABU;BUHEESI;21UGA014002;;21UGA01400201
2239;3941;BUNYANGABU;BUNYANGABU;RWIMI TOWN COUNCIL;21UGA014002;;21UGA01400211
4334;4278;BUNYANGABU;BUNYANGABU;KIBIITO;21UGA014002;;21UGA01400205
25;3522;BUNYANGABU;BUNYANGABU;KIBIITO TOWN COUNCIL;21UGA014002;;21UGA01400206
1082;4640;BUNYANGABU;BUNYANGABU;KABONERO;21UGA014002;;21UGA01400203
660;4245;BUNYANGABU;BUNYANGABU;KISOMORO;21UGA014002;;21UGA01400207
4122;3994;BUNYANGABU;BUNYANGABU;KATEBWA;21UGA014002;;21UGA01400204
7491;3709;BUNYANGABU;BUNYANGABU;KYAMUKUBE TOWN COUNCIL;21UGA014002;;21UGA01400208
1902;3567;KABAROLE;BURAHYA;RUTEETE;21UGA014003;;21UGA01400314
1847;3508;KABAROLE;BURAHYA;KIJURA TOWN COUNCIL;21UGA014003;;21UGA01400310
2611;3976;KABAROLE;BURAHYA;KARANGURA;21UGA014003;;21UGA01400307
295;3814;KABAROLE;BURAHYA;BUSORO;21UGA014003;;21UGA01400302
2377;4531;KABAROLE;BURAHYA;KIKO TOWN COUNCIL;21UGA014003;;21UGA01400311
557;4112;KABAROLE;BURAHYA;BUKUUKU;21UGA014003;;21UGA01400301
3162;4857;KABAROLE;FORT PORTAL MUNICIPALITY;SOUTHERN DIVISION;21UGA014003;;21UGA01400315
6979;4866;KABAROLE;FORT PORTAL MUNICIPALITY;WESTERN DIVISION;21UGA014003;;21UGA01400316
3702;3535;KABAROLE;BURAHYA;KARAGO TOWN COUNCIL;21UGA014003;;21UGA01400305
3728;3554;KABAROLE;BURAHYA;KICWAMBA;21UGA014003;;21UGA01400309
142;3658;KABAROLE;BURAHYA;HAKIBAALE;21UGA014003;;21UGA01400304
6920;4800;KABAROLE;BURAHYA;KASENDA;21UGA014003;;21UGA01400308
1456;4985;KABAROLE;BURAHYA;MUGUSU;21UGA014003;;21UGA01400312
3487;5177;KABAROLE;BURAHYA;KARAMBI;21UGA014003;;21UGA01400306
7496;3725;KABAROLE;BURAHYA;MUGUSU TOWN COUNCIL;21UGA014003;;21UGA01400313
1799;5328;KABAROLE;FORT PORTAL MUNICIPALITY;EASTERN DIVISION;21UGA014003;;21UGA01400303
717;4334;KAMWENGE;KITAGWENDA;MAHYORO;21UGA014004;;21UGA01400412
2654;4368;KAMWENGE;KIBALE;KABAMBIRO;21UGA014004;;21UGA01400406
217;3731;KAMWENGE;KITAGWENDA;KANARA;21UGA014004;;21UGA01400410
1409;4942;KAMWENGE;KIBALE;KAHUNGE;21UGA014004;;21UGA01400407
480;3596;KAMWENGE;KIBALE;BWIZI;21UGA014004;;21UGA01400405
539;4083;KAMWENGE;KIBALE;KAMWENGE;21UGA014004;;21UGA01400408
1610;5110;KAMWENGE;KITAGWENDA;KICHECHE;21UGA014004;;21UGA01400411
6958;4847;KAMWENGE;KIBALE;BUSIRIBA;21UGA014004;;21UGA01400404
361;3888;KAMWENGE;KIBALE;NKOMA;21UGA014004;;21UGA01400413
906;4443;KAMWENGE;KITAGWENDA;NYABBANI;21UGA014004;;21UGA01400415
189;3701;KAMWENGE;KIBALE;BIGULI;21UGA014004;;21UGA01400401
438;3984;KAMWENGE;KIBALE;KAMWENGE TOWN COUNCIL;21UGA014004;;21UGA01400409
303;3823;KAMWENGE;KITAGWENDA;BUHANDA;21UGA014004;;21UGA01400403
456;4418;KAMWENGE;KIBALE;BIHANGA;21UGA014004;;21UGA01400402
468;4014;KAMWENGE;KITAGWENDA;NTARA;21UGA014004;;21UGA01400414
3032;4732;KASESE;BUKONZO;KISINGA;21UGA014005;;21UGA01400514
2719;845;KASESE;BUKONZO;NYAKATONZI;21UGA014005;;21UGA01400527
187;5173;KASESE;BUSONGORA;MALIBA;21UGA014005;;21UGA01400523
1667;5185;KASESE;BUKONZO;KITHOLHU;21UGA014005;;21UGA01400516
128;3647;KASESE;BUKONZO;MAHANGO;21UGA014005;;21UGA01400522
3603;5290;KASESE;BUSONGORA;KITSWAMBA;21UGA014005;;21UGA01400517
782;818;KASESE;BUSONGORA;LAKE KATWE;21UGA014005;;21UGA01400521
1432;4380;KASESE;BUKONZO;ISANGO;21UGA014005;;21UGA01400509
1925;3602;KASESE;BUKONZO;BWERA;21UGA014005;;21UGA01400504
6;3507;KASESE;BUKONZO;KARAMBI;21UGA014005;;21UGA01400510
2733;4000;KASESE;BUSONGORA;RUKOKI;21UGA014005;;21UGA01400530
4533;820;KASESE;BUKONZO;MUNKUNYU;21UGA014005;;21UGA01400526
7499;3879;KASESE;BUKONZO;KISINGA TOWN COUNCIL;21UGA014005;;21UGA01400515
59;3569;KASESE;BUSONGORA;HIMA TOWN COUNCIL;21UGA014005;;21UGA01400507
1215;4734;KASESE;BUKONZO;KYONDO;21UGA014005;;21UGA01400520
240;3751;KASESE;BUSONGORA;MUHOKYA;21UGA014005;;21UGA01400525
917;4454;KASESE;BUKONZO;NYAKIYUMBU;21UGA014005;;21UGA01400528
1901;3562;KASESE;BUSONGORA;KATWE KABATORO TOWN COUNCIL;21UGA014005;;21UGA01400512
383;3928;KASESE;KASESE MUNICIPALITY;CENTRAL DIVISION;21UGA014005;;21UGA01400506
709;4295;KASESE;BUKONZO;IHANDIRO;21UGA014005;;21UGA01400508
19;3517;KASESE;KASESE MUNICIPALITY;NYAMWAMBA DIVISION;21UGA014005;;21UGA01400529
2451;4189;KASESE;BUKONZO;KYARUMBA;21UGA014005;;21UGA01400519
974;4523;KASESE;BUSONGORA;KARUSANDARA;21UGA014005;;21UGA01400511
637;4222;KASESE;BUSONGORA;KILEMBE;21UGA014005;;21UGA01400513
7083;4979;KASESE;KASESE MUNICIPALITY;BULEMBIA DIVISION;21UGA014005;;21UGA01400503
2999;4691;KASESE;BUKONZO;MPONDWE/LHUBIRIHA TOWN COUNCIL;21UGA014005;Mpondwe-Lhubiriha;21UGA01400524
238;3750;KASESE;BUSONGORA;BWESUMBU;21UGA014005;;21UGA01400505
391;3935;KASESE;BUSONGORA;BUGOYE;21UGA014005;;21UGA01400501
7312;5204;KASESE;BUSONGORA;KYABARUNGIRA;21UGA014005;;21UGA01400518
1337;4867;KASESE;BUSONGORA;BUHUHIRA;21UGA014005;;21UGA01400502
2596;803;KYEGEGWA;KYAKA;RWENTUHA;21UGA014006;;21UGA01400608
20;3606;KYEGEGWA;KYAKA;MPARA;21UGA014006;;21UGA01400606
731;800;KYEGEGWA;KYAKA;KAKABARA;21UGA014006;;21UGA01400602
2681;4620;KYEGEGWA;KYAKA;KYEGEGWA TOWN COUNCIL;21UGA014006;Kyegegwa;21UGA01400604
2379;5027;KYEGEGWA;KYAKA;KYEGEGWA-KABWEZEERA;21UGA014006;;21UGA01400605
873;4425;KYEGEGWA;KYAKA;RUYONZA;21UGA014006;;21UGA01400607
2111;3799;KYEGEGWA;KYAKA;HAPUYO;21UGA014006;Hapuuyo;21UGA01400601
3552;5240;KYEGEGWA;KYAKA;KASULE;21UGA014006;;21UGA01400603
747;4329;KYENJOJO;MWENGE;NYANTUNGO;21UGA014007;;21UGA01400716
4350;4231;KYENJOJO;MWENGE;BUTUNDUZI;21UGA014007;;21UGA01400704
752;4332;KYENJOJO;MWENGE;KYENJOJO TOWN COUNCIL;21UGA014007;Kyenjojo T.Council;21UGA01400713
252;5087;KYENJOJO;MWENGE;KIGARAALE;21UGA014007;;21UGA01400708
999;4551;KYENJOJO;MWENGE;BUFUNJO;21UGA014007;;21UGA01400701
6930;4830;KYENJOJO;MWENGE;KYARUSOZI;21UGA014007;;21UGA01400711
4278;4151;KYENJOJO;MWENGE;KATOOKE TOWN COUNCIL;21UGA014007;;21UGA01400707
862;4411;KYENJOJO;MWENGE;BUTUNDUZI TOWN COUNCIL;21UGA014007;;21UGA01400705
7143;3841;KYENJOJO;MWENGE;KYARUSOZI TOWN COUNCIL;21UGA014007;Kyarusozi  T.Council;21UGA01400712
329;3852;KYENJOJO;MWENGE;NYABUHARWA;21UGA014007;;21UGA01400714
1980;3659;KYENJOJO;MWENGE;BUTIITI;21UGA014007;;21UGA01400703
1367;4898;KYENJOJO;MWENGE;NYANKWANZI;21UGA014007;;21UGA01400715
384;3929;KYENJOJO;MWENGE;KIHUURA;21UGA014007;;21UGA01400709
2235;3937;KYENJOJO;MWENGE;KISOJO;21UGA014007;;21UGA01400710
677;4262;KYENJOJO;MWENGE;BUGAAKI;21UGA014007;;21UGA01400702
983;4532;KYENJOJO;MWENGE;KATOOKE;21UGA014007;;21UGA01400706
201;4674;NTOROKO;NTOROKO;KANARA TOWN COUNCIL;21UGA014008;;21UGA01400804
1634;5144;NTOROKO;NTOROKO;BUTUNGAMA;21UGA014008;;21UGA01400801
7212;5079;NTOROKO;NTOROKO;BWERAMULE;21UGA014008;;21UGA01400802
1622;9569;NTOROKO;NTOROKO;KARUGUTU;21UGA014008;;21UGA01400805
5801;3737;NTOROKO;NTOROKO;RWEBISENGO TOWN COUNCIL;21UGA014008;;21UGA01400810
5257;9564;NTOROKO;NTOROKO;KIBUKU TOWN COUNCIL;21UGA014008;Kibuuku Town Council;21UGA01400807
1230;4751;NTOROKO;NTOROKO;KARUGUTU TOWN COUNCIL;21UGA014008;;21UGA01400806
1956;9568;NTOROKO;NTOROKO;KANARA;21UGA014008;;21UGA01400803
124;3643;NTOROKO;NTOROKO;NOMBE;21UGA014008;;21UGA01400808
444;3992;NTOROKO;NTOROKO;RWEBISENGO;21UGA014008;;21UGA01400809
3604;3427;ADJUMANI;EAST MOYO;ADROPI;21UGA015001;;21UGA01500102
525;2366;ADJUMANI;EAST MOYO;OKUSIJONI;21UGA015001;;21UGA01500108
362;2227;ADJUMANI;EAST MOYO;PACARA;21UGA015001;;21UGA01500109
1474;3203;ADJUMANI;EAST MOYO;ARINYAPI;21UGA015001;;21UGA01500103
6926;608;ADJUMANI;EAST MOYO;PAKELLE;21UGA015001;Pakele;21UGA01500110
797;2641;ADJUMANI;EAST MOYO;OFUA;21UGA015001;;21UGA01500107
905;2728;ADJUMANI;EAST MOYO;ITIRIKWA;21UGA015001;;21UGA01500106
817;2669;ADJUMANI;EAST MOYO;ADJUMANI TOWN COUNCIL;21UGA015001;;21UGA01500101
1092;2083;ADJUMANI;EAST MOYO;CIFORO;21UGA015001;;21UGA01500104
2175;557;ADJUMANI;EAST MOYO;DZAIPI;21UGA015001;;21UGA01500105
1095;2866;ARUA;ARUA MUNICIPALITY;OLI RIVER;21UGA015002;;21UGA01500218
2605;2570;ARUA;VURRA;LOGIRI;21UGA015002;;21UGA01500213
3637;3456;ARUA;MADI-OKOLLO;OGOKO;21UGA015002;;21UGA01500216
265;2160;ARUA;TEREGO;AII-VU;21UGA015002;;21UGA01500202
7055;3147;ARUA;AYIVU;OLUKO;21UGA015002;;21UGA01500219
807;2658;ARUA;TEREGO;BILEAFE;21UGA015002;;21UGA01500209
4;1915;ARUA;AYIVU;KATRINI;21UGA015002;;21UGA01500212
6745;2861;ARUA;TEREGO;URIAMA;21UGA015002;;21UGA01500227
2485;2481;ARUA;VURRA;AJIA;21UGA015002;;21UGA01500203
3592;3416;ARUA;MADI-OKOLLO;OKOLLO;21UGA015002;;21UGA01500217
2374;2395;ARUA;MADI-OKOLLO;PAWOR;21UGA015002;;21UGA01500222
7263;3466;ARUA;AYIVU;DADAMU;21UGA015002;;21UGA01500210
1780;3439;ARUA;MADI-OKOLLO;EWANGA;21UGA015002;;21UGA01500211
21;1920;ARUA;MADI-OKOLLO;RHINO CAMP;21UGA015002;;21UGA01500223
532;2371;ARUA;AYIVU;AYIVUNI;21UGA015002;;21UGA01500208
255;2148;ARUA;TEREGO;OMUGO;21UGA015002;;21UGA01500220
403;2274;ARUA;MADI-OKOLLO;ULEPPI;21UGA015002;;21UGA01500226
42;1941;ARUA;VURRA;VURRA;21UGA015002;;21UGA01500228
744;2571;ARUA;AYIVU;MANIBE;21UGA015002;;21UGA01500214
6940;3041;ARUA;VURRA;ARIVU;21UGA015002;;21UGA01500205
507;2351;ARUA;AYIVU;ADUMI;21UGA015002;;21UGA01500201
724;784;ARUA;MADI-OKOLLO;OFFAKA;21UGA015002;;21UGA01500215
1443;3169;ARUA;ARUA MUNICIPALITY;ARUA HILL;21UGA015002;ARUA HILL DIVISION;21UGA01500207
7114;3207;ARUA;AYIVU;PAJULU;21UGA015002;;21UGA01500221
4243;2399;ARUA;MADI-OKOLLO;RIGBO;21UGA015002;;21UGA01500224
355;2218;ARUA;MADI-OKOLLO;ANYIRIBU;21UGA015002;;21UGA01500204
1822;3485;ARUA;AYIVU;AROI;21UGA015002;;21UGA01500206
158;2049;ARUA;TEREGO;UDUPI;21UGA015002;;21UGA01500225
284;2173;KOBOKO;KOBOKO;LUDARA;21UGA015003;;21UGA01500305
865;2697;KOBOKO;KOBOKO;DRANYA;21UGA015003;;21UGA01500302
2517;2810;KOBOKO;KOBOKO MUNICIPALITY;SOUTHERN;21UGA015003;;21UGA01500308
342;559;KOBOKO;KOBOKO;MADIA;21UGA015003;;21UGA01500306
1354;3088;KOBOKO;KOBOKO;ABUKU;21UGA015003;;21UGA01500301
1954;2005;KOBOKO;KOBOKO;LOBULE;21UGA015003;;21UGA01500304
6960;3065;KOBOKO;KOBOKO;KULUBA;21UGA015003;;21UGA01500303
7067;3160;KOBOKO;KOBOKO MUNICIPALITY;WESTERN;21UGA015003;;21UGA01500309
851;2688;KOBOKO;KOBOKO MUNICIPALITY;NORTHERN;21UGA015003;;21UGA01500307
7165;3187;MARACHA;MARACHA;MARACHA TOWN COUNCIL;21UGA015004;MARACHA;21UGA01500402
619;1983;MARACHA;MARACHA;OLUFEE;21UGA015004;Oluffe;21UGA01500405
742;2763;MARACHA;MARACHA;YIVU;21UGA015004;;21UGA01500408
6908;2650;MARACHA;MARACHA;KIJOMORO;21UGA015004;;21UGA01500401
716;777;MARACHA;MARACHA;NYADRI;21UGA015004;;21UGA01500403
7109;3201;MARACHA;MARACHA;OLUVU;21UGA015004;;21UGA01500406
490;2330;MARACHA;MARACHA;TARA;21UGA015004;;21UGA01500407
646;2492;MARACHA;MARACHA;OLEBA;21UGA015004;;21UGA01500404
7154;3254;MOYO;OBONGI;ITULA;21UGA015005;;21UGA01500504
2924;2859;MOYO;WEST MOYO;MOYO;21UGA015005;;21UGA01500508
374;2247;MOYO;WEST MOYO;METU;21UGA015005;;21UGA01500507
130;2022;MOYO;OBONGI;GIMARA;21UGA015005;;21UGA01500503
1127;3133;MOYO;WEST MOYO;MOYO TOWN COUNCIL;21UGA015005;;21UGA01500509
1449;3175;MOYO;OBONGI;ALIBA;21UGA015005;;21UGA01500501
186;2075;MOYO;WEST MOYO;LEFORI;21UGA015005;;21UGA01500506
188;3388;MOYO;WEST MOYO;LAROPI;21UGA015005;;21UGA01500505
2493;2194;MOYO;WEST MOYO;DUFILE;21UGA015005;Difule;21UGA01500502
145;2032;NEBBI;NEBBI MUNICIPALITY;THATHA DIVISION;21UGA015006;;21UGA01500611
963;2186;NEBBI;PADYERE;AKWORO;21UGA015006;;21UGA01500602
381;1989;NEBBI;NEBBI MUNICIPALITY;CENTRAL DIVISION;21UGA015006;;21UGA01500604
7402;3432;NEBBI;PADYERE;NDHEW;21UGA015006;;21UGA01500607
99;1998;NEBBI;PADYERE;KUCWINY;21UGA015006;;21UGA01500606
666;2510;NEBBI;PADYERE;NYARAVUR;21UGA015006;;21UGA01500609
1362;3095;NEBBI;PADYERE;NEBBI;21UGA015006;Nebbi Town Council;21UGA01500608
7369;3406;NEBBI;NEBBI MUNICIPALITY;ABINDU DIVISION;21UGA015006;;21UGA01500601
750;2577;NEBBI;PADYERE;ERUSSI;21UGA015006;;21UGA01500605
103;2003;NEBBI;PADYERE;PAROMBO;21UGA015006;;21UGA01500610
5060;3045;NEBBI;PADYERE;ATEGO;21UGA015006;;21UGA01500603
1380;3109;PAKWACH;JONAM;PAKWACH;21UGA015007;;21UGA01500702
276;2169;PAKWACH;JONAM;PANYIMUR;21UGA015007;;21UGA01500705
1104;2878;PAKWACH;JONAM;PANYANGO;21UGA015007;;21UGA01500704
2083;2145;PAKWACH;JONAM;ALWI;21UGA015007;;21UGA01500701
7313;2676;PAKWACH;JONAM;WADELAI;21UGA015007;;21UGA01500706
893;2718;PAKWACH;JONAM;PAKWACH TOWN COUNCIL;21UGA015007;;21UGA01500703
1075;2589;YUMBE;ARINGA;DRAJANI;21UGA015008;Drajini;21UGA01500803
7000;2569;YUMBE;ARINGA;KERWA;21UGA015008;;21UGA01500805
1583;3301;YUMBE;ARINGA;ARIWA;21UGA015008;;21UGA01500802
436;2306;YUMBE;ARINGA;MIDIGO;21UGA015008;;21UGA01500810
154;2043;YUMBE;ARINGA;KULULU;21UGA015008;;21UGA01500807
656;2500;YUMBE;ARINGA;YUMBE TOWN COUNCIL;21UGA015008;YUMBE;21UGA01500813
1234;1981;YUMBE;ARINGA;ODRAVU;21UGA015008;;21UGA01500811
7216;565;YUMBE;ARINGA;APO;21UGA015008;;21UGA01500801
563;2404;YUMBE;ARINGA;ROMOGI;21UGA015008;;21UGA01500812
690;2544;YUMBE;ARINGA;KEI;21UGA015008;;21UGA01500804
7389;3043;YUMBE;ARINGA;KURU;21UGA015008;;21UGA01500808
697;2506;YUMBE;ARINGA;LODONGA;21UGA015008;;21UGA01500809
687;2019;YUMBE;ARINGA;KOCHI;21UGA015008;;21UGA01500806
663;2505;ZOMBO;OKORO;JONGAKORO;21UGA015009;Jangokoro;21UGA01500903
451;568;ZOMBO;OKORO;ZOMBO TOWN COUNCIL;21UGA015009;ZOMBO;21UGA01500910
1581;3295;ZOMBO;OKORO;ABANGA;21UGA015009;;21UGA01500901
1249;3001;ZOMBO;OKORO;ZEU;21UGA015009;;21UGA01500909
931;2744;ZOMBO;OKORO;NYAPEA;21UGA015009;;21UGA01500905
1112;2738;ZOMBO;OKORO;PAIDHA TOWN COUNCIL;21UGA015009;;21UGA01500907
291;2181;ZOMBO;OKORO;ATYAK;21UGA015009;;21UGA01500902
7329;2550;ZOMBO;OKORO;WARR;21UGA015009;;21UGA01500908
4239;2398;ZOMBO;OKORO;PAIDHA;21UGA015009;;21UGA01500906
7118;3210;ZOMBO;OKORO;KANGO;21UGA015009;;21UGA01500904
